type,symbol,date,shares,limit_price,fill_price,fees
buy,sh.600021,2023-02-08,6628,10.06,10.0,16.57
buy,sh.600606,2023-02-08,21715,3.07,3.06,16.61
buy,sh.600927,2023-02-08,3899,17.09,17.03,16.6
buy,sh.601099,2023-02-08,24420,2.73,2.72,16.61
buy,sh.601212,2023-02-08,24154,2.76,2.75,16.61
buy,sz.000729,2023-02-08,5575,11.96,11.91,16.6
buy,sz.000921,2023-02-08,4369,15.26,15.18,16.58
buy,sz.002065,2023-02-08,10555,6.32,6.25,16.49
buy,sz.002261,2023-02-08,8726,7.64,7.62,16.62
buy,sz.002608,2023-02-08,11025,6.05,6.03,16.62
buy,sz.301301,2023-02-08,7637,8.73,8.69,16.59
sell,sh.600927,2023-02-09,3899,,17.02,82.95
sell,sh.601099,2023-02-09,24420,,2.72,83.03
sell,sh.601212,2023-02-09,24154,,2.74,82.73
sell,sz.000729,2023-02-09,5575,,12.28,85.58
sell,sz.000921,2023-02-09,4369,,15.25,83.28
sell,sz.002065,2023-02-09,10555,,6.32,83.38
sell,sz.002261,2023-02-09,8726,,7.7,83.99
sell,sz.301301,2023-02-09,7637,,8.59,82.0
buy,sh.600032,2023-02-09,5671,11.7,11.7,16.59
buy,sh.600863,2023-02-09,21521,3.08,3.08,16.57
buy,sz.000883,2023-02-09,16277,4.08,4.07,16.56
sell,sh.600021,2023-02-10,6628,,10.19,84.42
sell,sh.600606,2023-02-10,21715,,3.08,83.6
sell,sh.600863,2023-02-10,21521,,3.15,84.74
sell,sz.000883,2023-02-10,16277,,4.14,84.23
buy,sh.600008,2023-02-10,26332,2.54,2.53,16.65
buy,sh.600141,2023-02-10,2394,27.9,27.85,16.67
buy,sh.600153,2023-02-10,6360,10.5,10.42,16.57
buy,sh.600801,2023-02-10,4767,14.01,14.01,16.7
buy,sh.601866,2023-02-10,28158,2.37,2.37,16.68
sell,sh.600141,2023-02-13,2394,,27.83,83.28
sell,sh.600153,2023-02-13,6360,,10.42,82.84
sell,sh.600801,2023-02-13,4767,,14.35,85.51
buy,sh.601212,2023-02-13,24416,2.75,2.74,16.72
buy,sz.002244,2023-02-13,6553,10.25,10.2,16.71
sell,sh.600032,2023-02-14,5671,,11.94,84.64
sell,sz.002608,2023-02-14,11025,,6.1,84.07
buy,sh.601198,2023-02-14,8048,8.36,8.32,16.74
sell,sh.601212,2023-02-15,24416,,2.76,84.24
sell,sz.002244,2023-02-15,6553,,9.94,81.42
buy,sh.600606,2023-02-15,21169,3.18,3.15,16.67
buy,sh.600820,2023-02-15,14288,4.71,4.7,16.79
buy,sh.601000,2023-02-15,27349,2.46,2.45,16.75
buy,sh.603077,2023-02-15,20939,3.21,3.19,16.7
buy,sz.000528,2023-02-15,10780,6.24,6.24,16.82
buy,sz.000883,2023-02-15,16132,4.17,4.15,16.74
buy,sz.000932,2023-02-15,14385,4.68,4.66,16.76
buy,sz.002508,2023-02-15,2520,26.71,26.24,16.53
buy,sz.002608,2023-02-15,10993,6.12,6.1,16.76
sell,sh.600606,2023-02-16,21169,,3.14,83.09
sell,sz.002508,2023-02-16,2520,,25.48,80.26
buy,sh.601928,2023-02-16,9140,7.31,7.27,16.61
buy,sh.688538,2023-02-16,24949,2.68,2.66,16.59
sell,sh.600008,2023-02-17,26332,,2.51,82.62
sell,sh.600820,2023-02-17,14288,,4.66,83.23
sell,sh.601000,2023-02-17,27349,,2.42,82.73
sell,sh.601198,2023-02-17,8048,,8.18,82.29
sell,sh.601866,2023-02-17,28158,,2.34,82.36
sell,sh.601928,2023-02-17,9140,,7.18,82.03
sell,sh.603077,2023-02-17,20939,,3.13,81.92
sell,sz.000528,2023-02-17,10780,,6.17,83.14
sell,sz.000883,2023-02-17,16132,,4.1,82.68
sell,sz.000932,2023-02-17,14385,,4.7,84.51
sell,sz.002608,2023-02-17,10993,,6.08,83.55
sell,sh.688538,2023-02-20,24949,,2.64,82.33
buy,sh.601990,2023-02-21,7321,9.07,8.96,16.4
buy,sh.603000,2023-02-21,3644,18.23,18.22,16.6
buy,sh.688220,2023-02-21,1025,64.78,64.37,16.49
buy,sz.000528,2023-02-21,10296,6.45,6.39,16.45
buy,sz.300002,2023-02-21,11093,5.99,5.98,16.58
sell,sh.601990,2023-02-22,7321,,9.07,83.0
sell,sh.603000,2023-02-22,3644,,17.28,78.71
sell,sz.300002,2023-02-22,11093,,5.88,81.53
buy,sz.000987,2023-02-22,10924,6.07,6.04,16.5
sell,sz.000987,2023-02-23,10924,,6.08,83.02
buy,sh.600153,2023-02-23,6412,10.31,10.28,16.48
buy,sh.600435,2023-02-23,5416,12.21,12.08,16.36
buy,sh.603000,2023-02-23,3788,17.46,17.17,16.26
buy,sh.603298,2023-02-23,4429,14.93,14.74,16.32
buy,sh.688322,2023-02-23,2069,31.96,31.65,16.37
buy,sz.000825,2023-02-23,13731,4.82,4.79,16.44
buy,sz.002608,2023-02-23,10731,6.16,6.15,16.5
buy,sz.300002,2023-02-23,11208,5.9,5.8,16.25
sell,sh.603000,2023-02-24,3788,,17.18,81.35
sell,sh.603298,2023-02-24,4429,,14.57,80.66
buy,sh.601990,2023-02-24,7289,9.05,8.89,16.2
buy,sz.002926,2023-02-24,8014,8.23,8.18,16.39
buy,sz.301301,2023-02-24,7051,9.35,9.31,16.41
sell,sh.601990,2023-02-27,7289,,8.63,78.63
sell,sh.688220,2023-02-27,1025,,65.47,83.88
sell,sz.000528,2023-02-27,10296,,6.34,81.6
sell,sz.300002,2023-02-27,11208,,5.95,83.36
sell,sz.301301,2023-02-27,7051,,9.28,81.79
buy,sz.000987,2023-02-27,11014,6.01,5.94,16.36
sell,sh.600153,2023-02-28,6412,,10.33,82.79
sell,sh.600435,2023-02-28,5416,,12.5,84.63
sell,sh.688322,2023-02-28,2069,,29.52,76.35
sell,sz.000987,2023-02-28,11014,,5.94,81.78
buy,sz.002261,2023-02-28,6083,10.83,10.72,16.3
sell,sz.000825,2023-03-01,13731,,4.76,81.7
sell,sz.002608,2023-03-01,10731,,6.13,82.23
sell,sz.002926,2023-03-01,8014,,8.13,81.44
buy,sh.600062,2023-03-01,3796,17.34,17.34,16.46
buy,sh.600583,2023-03-01,10449,6.3,6.25,16.33
sell,sh.600062,2023-03-02,3796,,17.26,81.9
sell,sh.600583,2023-03-02,10449,,6.39,83.46
buy,sh.601212,2023-03-02,22670,2.91,2.9,16.44
buy,sh.688538,2023-03-02,24801,2.66,2.66,16.49
buy,sz.000987,2023-03-02,10860,6.07,6.06,16.45
sell,sh.601212,2023-03-03,22670,,2.88,81.61
sell,sz.002261,2023-03-03,6083,,11.42,86.83
buy,sh.600637,2023-03-03,9768,6.76,6.74,16.46
buy,sz.300496,2023-03-03,625,105.47,103.01,16.1
sell,sh.688538,2023-03-06,24801,,2.66,82.46
sell,sz.300496,2023-03-06,625,,104.93,81.98
buy,sz.002558,2023-03-06,6507,10.16,10.08,16.4
buy,sz.300002,2023-03-06,9987,6.62,6.57,16.4
sell,sh.600637,2023-03-07,9768,,6.7,81.81
sell,sz.300002,2023-03-07,9987,,6.27,78.27
sell,sz.000987,2023-03-08,10860,,5.91,80.23
buy,sz.002080,2023-03-08,3003,21.9,21.7,16.29
sell,sz.002080,2023-03-09,3003,,21.16,79.43
sell,sz.002558,2023-03-09,6507,,9.82,79.87
buy,sh.600390,2023-03-09,12782,5.15,5.09,16.27
buy,sh.600637,2023-03-09,9732,6.76,6.73,16.37
buy,sh.600642,2023-03-09,12196,5.39,5.38,16.4
buy,sh.688538,2023-03-09,24634,2.67,2.66,16.38
buy,sz.000528,2023-03-09,10018,6.57,6.52,16.33
buy,sz.000825,2023-03-09,13772,4.78,4.76,16.39
buy,sz.002608,2023-03-09,10543,6.24,6.23,16.42
sell,sh.600390,2023-03-10,12782,,4.98,79.57
sell,sh.600637,2023-03-10,9732,,6.66,81.02
sell,sh.600642,2023-03-10,12196,,5.31,80.95
sell,sh.688538,2023-03-10,24634,,2.67,82.22
sell,sz.000528,2023-03-10,10018,,6.46,80.9
sell,sz.000825,2023-03-10,13772,,4.68,80.57
sell,sz.002608,2023-03-13,10543,,6.04,79.6
buy,sz.002261,2023-03-14,6149,10.6,10.36,15.93
buy,sh.601212,2023-03-15,22605,2.88,2.88,16.28
buy,sz.000032,2023-03-15,1893,34.38,33.84,16.01
buy,sz.002262,2023-03-15,2593,25.1,24.92,16.15
buy,sz.300002,2023-03-15,10345,6.29,6.25,16.16
sell,sh.601212,2023-03-16,22605,,2.88,81.38
sell,sz.002262,2023-03-16,2593,,24.63,79.83
buy,sh.688220,2023-03-21,969,68.03,67.83,16.43
sell,sh.688220,2023-03-22,969,,68.34,82.78
buy,sh.688172,2023-03-22,2897,22.98,22.83,16.53
sell,sh.688172,2023-03-23,2897,,23.34,84.52
buy,sh.688027,2023-03-23,439,152.9,152.65,16.75
sell,sh.688027,2023-03-24,439,,153.86,84.43
sell,sz.300002,2023-03-24,10345,,8.16,105.52
buy,sz.300373,2023-03-24,1237,54.65,54.42,16.83
buy,sz.002080,2023-03-27,2971,22.92,22.6,16.79
sell,sz.002080,2023-03-28,2971,,22.46,83.41
sell,sz.300373,2023-03-29,1237,,52.04,80.47
buy,sz.300002,2023-03-29,8057,8.53,8.47,17.06
buy,sz.300454,2023-03-29,462,148.49,147.27,17.01
sell,sz.300454,2023-03-30,462,,146.12,84.38
buy,sh.688120,2023-03-30,750,91.14,90.22,16.92
buy,sz.300496,2023-03-30,639,106.92,106.12,16.95
buy,sz.300604,2023-03-30,1380,49.57,48.53,16.74
buy,sh.688234,2023-03-31,918,74.0,73.85,16.95
buy,sh.688297,2023-03-31,1210,56.2,55.49,16.79
buy,sz.002080,2023-03-31,3039,22.38,22.33,16.97
buy,sz.300757,2023-03-31,1706,39.85,38.55,16.44
sell,sh.688297,2023-04-03,1210,,56.52,85.49
sell,sz.002080,2023-04-03,3039,,22.31,84.75
buy,sh.688027,2023-04-03,452,152.0,151.92,17.17
sell,sz.002261,2023-04-04,6149,,15.88,122.06
buy,sz.002153,2023-04-04,3374,20.95,19.9,16.79
sell,sz.000032,2023-04-06,1893,,36.24,85.75
sell,sh.688234,2023-04-06,918,,80.52,92.4
buy,sz.002261,2023-04-06,4560,15.67,15.15,17.27
buy,sz.300454,2023-04-06,439,162.62,161.8,17.76
sell,sz.002153,2023-04-07,3374,,18.14,76.51
buy,sh.603650,2023-04-07,1692,42.26,41.46,17.54
buy,sh.688561,2023-04-07,916,78.07,76.23,17.46
buy,sz.000032,2023-04-07,1849,38.67,38.67,17.88
sell,sh.603650,2023-04-10,1692,,39.67,83.9
sell,sh.688027,2023-04-10,452,,160.44,90.65
sell,sh.688120,2023-04-10,750,,105.85,99.23
sell,sh.688561,2023-04-10,916,,76.76,87.89
sell,sz.000032,2023-04-10,1849,,39.26,90.74
sell,sz.002261,2023-04-10,4560,,14.02,79.91
sell,sz.300002,2023-04-10,8057,,11.17,112.5
sell,sz.300454,2023-04-10,439,,154.66,84.87
sell,sz.300496,2023-04-10,639,,117.42,93.79
sell,sz.300604,2023-04-10,1380,,54.55,94.1
sell,sz.300757,2023-04-10,1706,,38.07,81.18
buy,sh.688180,2023-04-10,1400,52.19,52.11,18.24
buy,sz.002608,2023-04-11,11605,6.17,6.1,17.7
buy,sh.600606,2023-04-13,23747,3.02,3.02,17.93
sell,sh.688180,2023-04-14,1400,,54.65,95.64
sell,sz.002608,2023-04-14,11605,,6.33,91.82
sell,sh.600606,2023-04-17,23747,,3.02,89.64
buy,sz.002340,2023-04-17,9850,7.31,7.31,18.0
sell,sz.002340,2023-04-18,9850,,7.31,90.0
buy,sh.601921,2023-04-18,9612,7.5,7.48,17.97
buy,sz.000723,2023-04-18,7926,9.09,9.06,17.95
sell,sh.601921,2023-04-19,9612,,7.87,94.56
buy,sh.600398,2023-04-19,13769,5.23,5.23,18.0
buy,sz.000088,2023-04-19,14976,4.81,4.8,17.97
buy,sz.000958,2023-04-19,17403,4.14,4.12,17.93
buy,sz.002926,2023-04-19,8864,8.13,8.06,17.86
sell,sh.600398,2023-04-20,13769,,5.16,88.81
sell,sz.000088,2023-04-20,14976,,4.82,90.23
sell,sz.000723,2023-04-20,7926,,8.8,87.19
sell,sz.000958,2023-04-20,17403,,4.06,88.32
buy,sh.600985,2023-04-20,6377,11.31,11.18,17.82
sell,sh.600985,2023-04-24,6377,,10.92,87.05
sell,sz.002926,2023-04-26,8864,,7.67,84.98
buy,sh.601000,2023-04-26,21792,3.29,3.21,17.49
buy,sh.601555,2023-04-26,11223,6.38,6.34,17.79
buy,sh.601866,2023-04-26,29965,2.39,2.38,17.83
buy,sz.000088,2023-04-26,14777,4.85,4.79,17.7
buy,sz.000415,2023-04-26,33954,2.11,2.09,17.74
buy,sz.002966,2023-04-26,11569,6.19,6.13,17.73
buy,sh.600021,2023-04-27,7234,9.92,9.82,17.76
buy,sh.600398,2023-04-27,13379,5.37,5.35,17.89
buy,sh.600863,2023-04-27,20196,3.55,3.51,17.72
buy,sz.000528,2023-04-27,10571,6.79,6.77,17.89
buy,sz.002608,2023-04-27,11147,6.44,6.43,17.92
sell,sh.600021,2023-04-28,7234,,9.88,89.34
buy,sh.600998,2023-04-28,12913,5.58,5.55,17.92
sell,sh.600398,2023-05-04,13379,,5.56,92.98
sell,sh.600863,2023-05-05,20196,,3.6,90.88
buy,sh.601212,2023-05-05,25012,2.96,2.96,18.51
sell,sh.600998,2023-05-08,12913,,5.48,88.45
sell,sh.601000,2023-05-08,21792,,3.71,101.06
sell,sh.601555,2023-05-08,11223,,6.67,93.57
sell,sh.601866,2023-05-08,29965,,2.45,91.77
sell,sz.000088,2023-05-08,14777,,5.09,94.02
sell,sz.000528,2023-05-08,10571,,7.35,97.12
sell,sz.002966,2023-05-08,11569,,6.44,93.13
buy,sz.002266,2023-05-08,19342,3.83,3.82,18.47
sell,sh.601212,2023-05-09,25012,,3.04,95.05
sell,sz.000415,2023-05-09,33954,,2.32,98.47
sell,sz.002608,2023-05-09,11147,,7.01,97.68
buy,sz.002065,2023-05-09,9543,7.84,7.72,18.42
sell,sz.002065,2023-05-10,9543,,7.54,89.94
sell,sz.002266,2023-05-10,19342,,3.88,93.81
buy,sz.000519,2023-05-12,3828,19.57,19.41,18.58
sell,sz.000519,2023-05-15,3828,,19.08,91.3
buy,sh.688220,2023-05-15,1059,70.6,68.84,18.23
sell,sh.688220,2023-05-16,1059,,69.9,92.53
buy,sz.300496,2023-05-16,819,91.27,89.21,18.27
sell,sz.300496,2023-05-18,819,,89.66,91.79
buy,sh.688037,2023-05-19,588,127.23,126.22,18.55
buy,sh.688676,2023-05-19,2363,31.7,31.67,18.71
buy,sz.002261,2023-05-19,5793,12.93,12.87,18.64
buy,sh.603650,2023-05-22,2161,34.6,34.5,18.64
buy,sh.688297,2023-05-22,1474,50.74,50.63,18.66
sell,sh.603650,2023-05-23,2161,,34.17,92.3
sell,sh.688037,2023-05-23,588,,121.75,89.49
sell,sh.688676,2023-05-23,2363,,31.83,94.02
buy,sh.688322,2023-05-23,1829,40.77,38.72,17.7
buy,sz.300339,2023-05-23,3197,23.33,22.95,18.34
buy,sz.300604,2023-05-23,1583,47.1,46.23,18.3
buy,sz.300757,2023-05-23,1740,42.85,42.49,18.48
sell,sh.688297,2023-05-24,1474,,50.7,93.41
sell,sz.002261,2023-05-24,5793,,11.76,85.16
sell,sz.300604,2023-05-24,1583,,46.39,91.79
buy,sh.601061,2023-05-24,8268,8.91,8.91,18.42
sell,sh.601061,2023-05-25,8268,,8.66,89.5
sell,sz.300339,2023-05-25,3197,,22.34,89.28
sell,sz.300757,2023-05-25,1740,,45.23,98.38
buy,sh.600685,2023-05-25,2462,29.99,29.35,18.06
buy,sz.000739,2023-05-25,4006,18.43,18.23,18.26
sell,sz.000739,2023-05-26,4006,,17.96,89.93
buy,sh.601865,2023-05-29,2309,32.15,31.69,18.29
sell,sh.601865,2023-05-30,2309,,31.63,91.29
buy,sz.002153,2023-05-30,5064,14.66,14.57,18.45
buy,sz.300857,2023-05-31,4946,15.08,14.87,18.39
sell,sh.600685,2023-06-01,2462,,28.82,88.69
buy,sh.688027,2023-06-01,459,164.65,161.93,18.58
sell,sh.688027,2023-06-02,459,,164.78,94.54
sell,sh.688322,2023-06-02,1829,,51.49,117.72
sell,sz.002153,2023-06-02,5064,,15.21,96.28
sell,sz.300857,2023-06-02,4946,,14.77,91.32
buy,sh.601928,2023-06-02,6394,11.87,11.58,18.51
buy,sh.600637,2023-06-05,9573,7.92,7.88,18.86
buy,sz.000032,2023-06-05,2209,34.3,34.25,18.91
buy,sz.002080,2023-06-05,3924,19.31,19.19,18.83
sell,sh.600637,2023-06-06,9573,,7.96,95.25
sell,sz.000032,2023-06-06,2209,,33.23,91.76
buy,sz.002065,2023-06-06,10282,7.38,7.27,18.69
sell,sh.601928,2023-06-07,6394,,11.46,91.59
sell,sz.002065,2023-06-07,10282,,7.22,92.8
sell,sz.002080,2023-06-07,3924,,18.58,91.13
buy,sz.002558,2023-06-07,3977,18.97,18.66,18.55
buy,sz.300002,2023-06-07,5672,13.3,13.2,18.72
buy,sh.601921,2023-06-08,7674,9.84,9.51,18.24
buy,sz.300496,2023-06-09,794,94.39,94.23,18.7
sell,sz.300496,2023-06-12,794,,101.5,100.74
buy,sz.300757,2023-06-13,1344,56.5,54.54,18.33
buy,sz.002261,2023-06-14,3988,19.09,18.45,18.39
buy,sz.300857,2023-06-14,5244,14.52,14.12,18.51
sell,sz.300857,2023-06-15,5244,,13.85,90.79
buy,sz.000032,2023-06-15,2241,34.11,34.03,19.07
buy,sz.002153,2023-06-15,4678,16.34,15.88,18.57
sell,sh.601921,2023-06-19,7674,,8.97,86.04
sell,sz.000032,2023-06-19,2241,,36.98,103.59
sell,sz.002153,2023-06-19,4678,,15.81,92.45
sell,sz.002261,2023-06-19,3988,,19.37,96.56
sell,sz.002558,2023-06-19,3977,,19.7,97.93
sell,sz.300002,2023-06-19,5672,,13.86,98.27
sell,sz.300757,2023-06-19,1344,,63.67,106.97
buy,sh.688188,2023-06-19,774,99.45,99.44,19.24
buy,sh.688375,2023-06-19,1494,51.55,51.28,19.15
buy,sz.300073,2023-06-19,1593,48.33,48.21,19.2
sell,sh.688188,2023-06-20,774,,99.91,96.66
sell,sz.300073,2023-06-20,1593,,48.1,95.78
sell,sh.688375,2023-06-26,1494,,50.23,93.8
buy,sh.600021,2023-06-29,7345,10.53,10.33,18.97
buy,sz.002945,2023-06-29,5649,13.69,13.57,19.16
buy,sh.601000,2023-06-30,22810,3.39,3.3,18.82
buy,sh.688336,2023-06-30,4548,17.0,16.99,19.32
sell,sh.600021,2023-07-03,7345,,10.33,94.84
sell,sh.601000,2023-07-04,22810,,3.19,90.95
sell,sh.688336,2023-07-04,4548,,17.46,99.26
sell,sz.002945,2023-07-04,5649,,13.63,96.24
buy,sh.601108,2023-07-04,11049,7.01,7.01,19.36
buy,sz.000750,2023-07-04,23469,3.3,3.29,19.3
buy,sz.000830,2023-07-04,8003,9.68,9.67,19.35
buy,sz.002673,2023-07-04,12413,6.24,6.23,19.33
buy,sz.002926,2023-07-04,9452,8.2,8.15,19.26
sell,sh.601108,2023-07-05,11049,,6.98,96.4
sell,sz.000830,2023-07-05,8003,,9.74,97.44
sell,sz.000750,2023-07-06,23469,,3.29,96.52
sell,sz.002673,2023-07-06,12413,,6.22,96.51
sell,sz.002926,2023-07-06,9452,,8.12,95.94
buy,sh.600390,2023-07-06,14642,5.28,5.26,19.25
buy,sh.600879,2023-07-06,9360,8.26,8.24,19.28
buy,sz.000825,2023-07-06,19616,3.94,3.92,19.22
buy,sz.002340,2023-07-06,11163,6.92,6.84,19.09
buy,sz.002670,2023-07-06,8863,8.72,8.63,19.12
buy,sz.002966,2023-07-06,12951,5.97,5.91,19.14
sell,sh.600879,2023-07-07,9360,,8.15,95.36
buy,sh.600497,2023-07-07,13700,5.63,5.42,18.56
buy,sh.688183,2023-07-07,6345,12.15,11.95,18.96
buy,sh.688520,2023-07-07,1285,59.99,59.7,19.18
buy,sz.000050,2023-07-07,8135,9.48,9.45,19.22
sell,sh.600390,2023-07-10,14642,,5.26,96.27
sell,sh.600497,2023-07-10,13700,,5.45,93.33
sell,sh.688183,2023-07-10,6345,,11.59,91.92
sell,sz.000050,2023-07-10,8135,,9.39,95.48
sell,sz.000825,2023-07-10,19616,,3.94,96.61
sell,sz.002340,2023-07-10,11163,,6.79,94.75
sell,sz.002670,2023-07-10,8863,,8.68,96.16
sell,sz.002966,2023-07-10,12951,,5.88,95.19
sell,sh.688520,2023-07-12,1285,,59.46,95.51
buy,sz.000738,2023-07-12,3277,23.48,23.28,19.07
sell,sz.000738,2023-07-13,3277,,23.23,95.16
buy,sz.000415,2023-07-17,35782,2.15,2.13,19.05
buy,sz.000825,2023-07-17,19378,3.97,3.94,19.09
sell,sz.000415,2023-07-18,35782,,2.13,95.27
sell,sz.000825,2023-07-18,19378,,3.95,95.68
buy,sh.603858,2023-07-18,4090,18.81,18.69,19.11
buy,sz.000997,2023-07-18,4125,18.65,18.18,18.75
sell,sh.603858,2023-07-19,4090,,18.53,94.73
sell,sz.000997,2023-07-19,4125,,17.93,92.45
buy,sz.000723,2023-07-19,9808,7.83,7.74,18.98
sell,sz.000723,2023-07-20,9808,,7.78,95.38
buy,sh.600008,2023-07-20,29244,2.63,2.62,19.15
buy,sh.600390,2023-07-20,14470,5.31,5.29,19.14
buy,sz.000932,2023-07-20,15610,4.92,4.91,19.16
sell,sh.600390,2023-07-21,14470,,5.26,95.14
buy,sz.002508,2023-07-21,3408,22.51,22.14,18.86
sell,sz.002508,2023-07-24,3408,,22.14,94.32
buy,sh.600390,2023-07-24,14594,5.26,5.25,19.15
buy,sh.600655,2023-07-24,11421,6.72,6.72,19.19
buy,sh.601198,2023-07-24,9687,7.92,7.92,19.18
buy,sh.603077,2023-07-24,29367,2.61,2.61,19.16
buy,sz.000750,2023-07-24,22713,3.38,3.37,19.14
buy,sz.002966,2023-07-24,12881,5.96,5.89,18.97
sell,sh.600008,2023-07-25,29244,,2.64,96.51
sell,sh.600390,2023-07-25,14594,,5.43,99.06
sell,sh.600655,2023-07-25,11421,,6.73,96.08
sell,sh.603077,2023-07-25,29367,,2.58,94.71
sell,sz.000932,2023-07-25,15610,,5.04,98.34
sell,sz.002966,2023-07-25,12881,,5.93,95.48
buy,sh.600398,2023-07-25,11806,6.49,6.44,19.01
sell,sh.600398,2023-07-26,11806,,6.44,95.04
buy,sh.600637,2023-07-26,10389,7.48,7.42,19.27
buy,sh.601108,2023-07-26,10497,7.4,7.39,19.39
buy,sh.601555,2023-07-26,10112,7.69,7.62,19.26
buy,sz.000415,2023-07-26,34388,2.26,2.26,19.43
buy,sz.000528,2023-07-26,9929,7.83,7.77,19.29
buy,sz.002670,2023-07-26,8241,9.43,9.25,19.06
buy,sz.002673,2023-07-26,11654,6.67,6.63,19.32
buy,sh.600369,2023-07-27,20301,3.83,3.81,19.34
buy,sh.600606,2023-07-27,24687,3.15,3.14,19.38
buy,sh.600801,2023-07-27,6418,12.12,12.06,19.35
buy,sz.301301,2023-07-27,8973,8.67,8.63,19.36
sell,sz.002673,2023-07-31,11654,,7.05,102.7
sell,sz.301301,2023-07-31,8973,,8.67,97.24
sell,sh.600801,2023-08-01,6418,,12.68,101.73
sell,sh.601108,2023-08-01,10497,,8.02,105.23
buy,sh.600390,2023-08-01,14017,5.85,5.8,20.32
buy,sh.600655,2023-08-01,11553,7.09,7.09,20.48
buy,sh.603077,2023-08-01,31717,2.58,2.58,20.46
buy,sz.000830,2023-08-01,8105,10.11,10.04,20.34
sell,sh.600369,2023-08-02,20301,,4.63,117.49
sell,sh.600390,2023-08-02,14017,,5.8,101.62
sell,sh.600606,2023-08-02,24687,,3.3,101.83
sell,sh.600637,2023-08-02,10389,,7.53,97.79
sell,sh.600655,2023-08-02,11553,,7.07,102.1
sell,sh.601198,2023-08-02,9687,,8.94,108.25
sell,sh.601555,2023-08-02,10112,,8.33,105.29
sell,sh.603077,2023-08-02,31717,,2.56,101.49
sell,sz.000415,2023-08-02,34388,,2.57,110.47
sell,sz.000528,2023-08-02,9929,,7.74,96.06
sell,sz.000750,2023-08-02,22713,,4.08,115.84
sell,sz.000830,2023-08-02,8105,,10.0,101.31
sell,sz.002670,2023-08-02,8241,,9.51,97.96
buy,sh.600483,2023-08-02,10425,7.88,7.87,20.51
buy,sz.000883,2023-08-02,18352,4.48,4.44,20.37
buy,sz.002608,2023-08-02,11260,7.3,7.22,20.32
sell,sh.600483,2023-08-03,10425,,7.91,103.08
sell,sz.000883,2023-08-03,18352,,4.44,101.85
buy,sh.600497,2023-08-03,15140,5.44,5.35,20.25
buy,sh.600606,2023-08-03,25188,3.27,3.26,20.53
sell,sh.600497,2023-08-04,15140,,5.38,101.82
sell,sh.600606,2023-08-04,25188,,3.34,105.16
buy,sh.688120,2023-08-04,866,95.22,93.99,20.35
buy,sz.301301,2023-08-04,9644,8.55,8.55,20.61
sell,sz.002608,2023-08-07,11260,,7.16,100.78
sell,sz.301301,2023-08-07,9644,,8.49,102.35
buy,sh.603858,2023-08-07,4381,18.83,18.59,20.36
buy,sz.000729,2023-08-07,7498,11.0,10.92,20.47
sell,sh.688120,2023-08-08,866,,94.77,102.59
sell,sh.603858,2023-08-09,4381,,18.11,99.17
buy,sh.600998,2023-08-09,16303,5.05,5.01,20.42
sell,sz.000729,2023-08-10,7498,,10.59,99.25
sell,sh.600998,2023-08-11,16303,,4.96,101.08
buy,sh.600369,2023-08-11,17693,4.64,4.49,19.86
sell,sh.600369,2023-08-14,17693,,4.36,96.43
buy,sz.002670,2023-08-15,8276,9.9,9.88,20.44
sell,sz.002670,2023-08-16,8276,,10.09,104.38
buy,sh.603858,2023-08-16,4408,18.61,18.61,20.51
sell,sh.603858,2023-08-17,4408,,18.48,101.82
buy,sh.688027,2023-08-31,609,134.45,134.1,20.42
buy,sz.002153,2023-08-31,6019,13.62,13.55,20.39
buy,sz.300718,2023-08-31,4338,18.9,18.62,20.19
buy,sz.300748,2023-08-31,4860,16.87,16.69,20.28
buy,sz.300857,2023-08-31,6453,12.71,12.63,20.38
sell,sz.300748,2023-09-01,4860,,17.03,103.46
sell,sz.300857,2023-09-01,6453,,12.57,101.39
buy,sz.002414,2023-09-01,10630,7.7,7.66,20.36
buy,sz.300002,2023-09-01,7639,10.71,10.61,20.26
sell,sh.688027,2023-09-05,609,,132.43,100.81
sell,sz.002153,2023-09-05,6019,,13.26,99.76
sell,sz.002414,2023-09-05,10630,,7.72,102.58
buy,sh.600699,2023-09-05,4474,18.3,18.24,20.4
sell,sh.600699,2023-09-06,4474,,18.26,102.12
sell,sz.300718,2023-09-06,4338,,18.58,100.75
sell,sz.300002,2023-09-07,7639,,10.0,95.49
buy,sh.600141,2023-09-07,4005,20.35,20.19,20.22
sell,sh.600141,2023-09-11,4005,,20.11,100.68
buy,sh.600863,2023-09-11,25741,3.16,3.15,20.27
sell,sh.600863,2023-09-12,25741,,3.15,101.36
buy,sh.600398,2023-09-12,12361,6.59,6.54,20.21
buy,sh.600801,2023-09-12,6478,12.58,12.52,20.28
buy,sz.000830,2023-09-12,7395,11.02,11.0,20.34
sell,sh.600801,2023-09-13,6478,,12.57,101.79
sell,sh.600398,2023-09-15,12361,,6.77,104.6
sell,sz.000830,2023-09-15,7395,,11.2,103.53
buy,sh.601866,2023-09-15,35025,2.33,2.33,20.4
buy,sz.000883,2023-09-15,19068,4.29,4.26,20.31
sell,sh.601866,2023-09-18,35025,,2.31,101.13
sell,sz.000883,2023-09-18,19068,,4.21,100.35
buy,sh.600157,2023-09-18,56360,1.45,1.44,20.29
buy,sh.600655,2023-09-18,11540,7.09,7.06,20.37
sell,sh.600157,2023-09-19,56360,,1.43,100.74
sell,sh.600655,2023-09-19,11540,,7.07,101.98
buy,sz.002265,2023-09-19,6429,12.71,12.62,20.28
sell,sz.002265,2023-09-20,6429,,12.4,99.65
buy,sh.600483,2023-09-20,10218,7.98,7.98,20.38
buy,sh.600655,2023-09-20,11575,7.05,7.04,20.37
buy,sh.600820,2023-09-20,15429,5.29,5.27,20.33
buy,sz.000958,2023-09-20,19842,4.11,4.09,20.29
sell,sh.600483,2023-09-21,10218,,7.99,102.05
sell,sh.600655,2023-09-21,11575,,7.0,101.28
sell,sh.600820,2023-09-21,15429,,5.24,101.06
sell,sz.000958,2023-09-21,19842,,4.07,100.95
buy,sz.300339,2023-09-22,3342,24.36,24.28,20.29
buy,sh.688027,2023-09-25,617,131.99,131.01,20.21
buy,sz.300604,2023-09-25,2255,36.16,34.89,19.67
buy,sz.300757,2023-09-25,1749,46.61,45.4,19.85
buy,sh.688322,2023-09-26,2480,32.7,31.88,19.77
buy,sh.603000,2023-09-27,2136,37.85,37.45,20.0
sell,sz.300339,2023-09-28,3342,,22.55,94.2
buy,sh.688192,2023-09-28,2261,35.95,35.67,20.16
buy,sh.688234,2023-09-28,1471,55.24,55.04,20.24
sell,sh.688027,2023-10-09,617,,134.55,103.77
buy,sh.688301,2023-10-09,672,122.78,119.34,20.05
buy,sz.300857,2023-10-09,6265,13.18,13.16,20.61
sell,sh.603000,2023-10-10,2136,,37.0,98.79
sell,sh.688192,2023-10-10,2261,,35.3,99.77
sell,sh.688234,2023-10-10,1471,,54.9,100.95
sell,sh.688301,2023-10-10,672,,115.24,96.8
sell,sh.688322,2023-10-10,2480,,32.21,99.85
sell,sz.300757,2023-10-10,1749,,58.53,127.96
buy,sh.600685,2023-10-10,3324,24.74,24.6,20.44
buy,sh.603077,2023-10-10,35199,2.34,2.33,20.5
sell,sh.603077,2023-10-11,35199,,2.31,101.64
sell,sz.300857,2023-10-11,6265,,13.78,107.91
buy,sh.600699,2023-10-11,4362,18.88,18.73,20.43
buy,sz.300339,2023-10-11,2977,27.67,27.6,20.54
buy,sz.300002,2023-10-12,8045,10.23,10.11,20.33
sell,sh.600699,2023-10-13,4362,,18.8,102.51
sell,sz.300002,2023-10-13,8045,,9.93,99.86
sell,sz.300339,2023-10-13,2977,,28.91,107.58
sell,sz.300604,2023-10-13,2255,,33.77,95.19
buy,sz.301200,2023-10-13,2231,36.94,36.78,20.51
buy,sh.601108,2023-10-16,10787,7.63,7.59,20.47
sell,sh.600685,2023-10-17,3324,,23.68,98.39
sell,sh.601108,2023-10-17,10787,,7.67,103.42
sell,sz.301200,2023-10-17,2231,,36.35,101.37
buy,sh.600583,2023-10-18,13674,6.02,5.99,20.48
buy,sh.600968,2023-10-18,27202,3.03,3.02,20.54
sell,sh.600583,2023-10-20,13674,,5.79,98.97
sell,sh.600968,2023-10-23,27202,,2.89,98.27
buy,sh.603650,2023-10-25,2562,31.96,31.78,20.36
buy,sz.300136,2023-10-25,3298,24.83,24.21,19.96
buy,sh.688772,2023-10-26,4650,17.61,17.23,20.03
buy,sz.300857,2023-10-26,5973,13.71,13.69,20.44
sell,sh.603650,2023-10-27,2562,,32.6,104.4
buy,sz.300339,2023-10-27,3180,25.85,25.44,20.22
sell,sh.688772,2023-10-30,4650,,19.49,113.29
sell,sz.300136,2023-10-31,3298,,26.66,109.91
sell,sz.300339,2023-10-31,3180,,26.45,105.14
sell,sz.300857,2023-10-31,5973,,14.29,106.69
buy,sh.603596,2023-10-31,1556,53.71,53.12,20.66
buy,sh.688192,2023-10-31,1904,43.91,43.78,20.84
sell,sh.603596,2023-11-01,1556,,53.72,104.49
buy,sh.688180,2023-11-01,1823,45.88,44.7,20.37
buy,sh.688220,2023-11-01,1282,65.23,64.76,20.76
buy,sh.688520,2023-11-01,1685,49.64,49.5,20.85
buy,sh.688676,2023-11-01,2555,32.74,32.54,20.78
sell,sh.688676,2023-11-02,2555,,32.27,103.06
buy,sh.601099,2023-11-02,22118,3.78,3.72,20.57
buy,sh.688234,2023-11-02,1370,60.99,60.84,20.84
buy,sz.002262,2023-11-02,3312,25.24,25.16,20.83
buy,sz.002670,2023-11-02,8505,9.83,9.8,20.84
sell,sz.002670,2023-11-03,8505,,9.77,103.87
sell,sh.688180,2023-11-06,1823,,44.7,101.86
sell,sh.688220,2023-11-06,1282,,71.07,113.89
sell,sh.688520,2023-11-06,1685,,51.34,108.13
buy,sh.600435,2023-11-06,7567,11.08,11.0,20.81
buy,sz.300604,2023-11-06,2052,40.85,40.57,20.81
sell,sz.002262,2023-11-07,3312,,25.09,103.87
buy,sh.601990,2023-11-07,10776,7.93,7.93,21.36
buy,sz.300857,2023-11-07,5538,15.44,15.18,21.02
sell,sh.600435,2023-11-08,7567,,10.96,103.67
sell,sh.601099,2023-11-08,22118,,4.07,112.53
sell,sh.601990,2023-11-08,10776,,7.93,106.82
sell,sh.688192,2023-11-08,1904,,46.83,111.46
sell,sh.688234,2023-11-08,1370,,64.11,109.79
sell,sz.300604,2023-11-08,2052,,42.4,108.76
sell,sz.300857,2023-11-08,5538,,15.45,106.95
buy,sh.600369,2023-11-08,20538,4.18,4.16,21.36
buy,sh.601555,2023-11-08,11266,7.61,7.48,21.07
buy,sh.688027,2023-11-08,620,138.1,137.94,21.38
buy,sz.002926,2023-11-08,10680,8.03,8.0,21.36
sell,sh.688027,2023-11-09,620,,138.19,107.1
buy,sz.300003,2023-11-09,5195,16.49,16.47,21.39
buy,sh.601615,2023-11-10,6168,13.87,13.66,21.06
buy,sh.601928,2023-11-10,8643,9.9,9.36,20.22
buy,sz.000032,2023-11-10,4253,20.11,20.09,21.36
sell,sh.600369,2023-11-13,20538,,4.07,104.49
sell,sh.601555,2023-11-13,11266,,7.29,102.66
sell,sh.601615,2023-11-13,6168,,13.75,106.01
sell,sz.000032,2023-11-13,4253,,21.03,111.8
sell,sz.002926,2023-11-13,10680,,7.91,105.6
sell,sz.300003,2023-11-13,5195,,16.27,105.65
buy,sh.601198,2023-11-13,10334,8.27,8.21,21.21
buy,sz.002673,2023-11-13,13059,6.54,6.53,21.32
sell,sh.601198,2023-11-14,10334,,8.51,109.93
sell,sh.601928,2023-11-14,8643,,9.06,97.88
sell,sz.002673,2023-11-14,13059,,6.62,108.06
buy,sh.603816,2023-11-16,2466,34.77,34.46,21.24
buy,sh.688065,2023-11-16,1661,51.62,51.18,21.25
buy,sz.000528,2023-11-16,13978,6.14,6.09,21.28
buy,sz.002670,2023-11-16,8254,10.39,10.24,21.13
sell,sh.603816,2023-11-17,2466,,34.12,105.17
sell,sh.688065,2023-11-17,1661,,51.01,105.91
sell,sz.000528,2023-11-17,13978,,6.06,105.88
buy,sh.600369,2023-11-17,20917,4.1,4.09,21.39
buy,sh.600606,2023-11-17,33613,2.55,2.54,21.34
buy,sh.601108,2023-11-17,10874,7.88,7.86,21.37
buy,sh.601615,2023-11-17,6309,13.58,13.57,21.4
buy,sh.688538,2023-11-17,32345,2.65,2.65,21.43
buy,sz.000997,2023-11-17,4925,17.4,17.37,21.39
buy,sz.002340,2023-11-17,14752,5.81,5.81,21.43
sell,sh.600369,2023-11-20,20917,,4.06,106.15
sell,sh.600606,2023-11-20,33613,,2.54,106.72
sell,sh.601108,2023-11-20,10874,,7.86,106.84
sell,sh.601615,2023-11-20,6309,,13.65,107.65
sell,sh.688538,2023-11-20,32345,,2.65,107.14
sell,sz.000997,2023-11-20,4925,,17.52,107.86
sell,sz.002340,2023-11-20,14752,,5.77,106.4
sell,sz.002670,2023-11-20,8254,,9.96,102.76
buy,sh.600390,2023-11-20,17430,4.91,4.89,21.31
buy,sh.600483,2023-11-20,10377,8.25,8.08,20.96
buy,sz.000060,2023-11-20,19080,4.48,4.45,21.23
buy,sh.600021,2023-11-21,9986,8.55,8.51,21.25
buy,sz.001286,2023-11-21,10707,7.97,7.96,21.31
sell,sh.600021,2023-11-22,9986,,8.46,105.6
sell,sz.000060,2023-11-22,19080,,4.42,105.42
sell,sz.001286,2023-11-22,10707,,7.89,105.6
buy,sh.601198,2023-11-22,10119,8.43,8.4,21.25
buy,sh.688183,2023-11-22,7293,11.7,11.64,21.22
buy,sh.688322,2023-11-22,2383,35.81,34.8,20.73
buy,sh.688469,2023-11-22,16162,5.28,5.25,21.21
buy,sz.000519,2023-11-22,5430,15.71,15.68,21.29
buy,sz.000750,2023-11-22,23490,3.63,3.63,21.32
buy,sz.000825,2023-11-22,21937,3.89,3.88,21.28
sell,sh.600390,2023-11-23,17430,,4.86,105.89
sell,sh.600483,2023-11-23,10377,,7.92,102.73
sell,sh.601198,2023-11-23,10119,,8.35,105.62
sell,sh.688183,2023-11-23,7293,,11.58,105.57
sell,sh.688322,2023-11-23,2383,,33.76,100.56
sell,sh.688469,2023-11-23,16162,,5.22,105.46
sell,sz.000825,2023-11-23,21937,,3.88,106.39
sell,sz.000519,2023-11-24,5430,,15.49,105.14
sell,sz.000750,2023-11-24,23490,,3.63,106.59
buy,sh.601198,2023-11-28,10104,8.38,8.36,21.12
buy,sz.000519,2023-11-28,5568,15.22,15.19,21.14
buy,sz.000528,2023-11-28,13938,6.08,6.07,21.15
buy,sz.002244,2023-11-28,10332,8.2,8.1,20.92
buy,sz.301301,2023-11-28,9290,9.12,9.0,20.9
sell,sh.601198,2023-11-29,10104,,8.36,105.59
sell,sz.000519,2023-11-29,5568,,15.21,105.86
sell,sz.000528,2023-11-29,13938,,6.04,105.23
sell,sz.002244,2023-11-29,10332,,7.8,100.74
sell,sz.301301,2023-11-29,9290,,8.77,101.84
buy,sh.688349,2023-11-29,2996,28.25,28.11,21.05
buy,sz.002265,2023-11-29,6608,12.81,12.52,20.68
buy,sz.300857,2023-11-29,3134,27.01,26.42,20.7
sell,sz.002265,2023-11-30,6608,,12.25,101.19
buy,sh.601990,2023-11-30,10676,7.9,7.86,20.98
sell,sh.601990,2023-12-01,10676,,7.86,104.89
sell,sh.688349,2023-12-04,2996,,27.44,102.76
buy,sh.603077,2023-12-05,36069,2.35,2.33,21.01
buy,sz.000032,2023-12-06,4008,21.12,21.11,21.15
sell,sh.603077,2023-12-07,36069,,2.31,104.15
buy,sz.002262,2023-12-07,3275,25.87,25.47,20.85
sell,sz.000032,2023-12-08,4008,,21.32,106.81
sell,sz.002262,2023-12-08,3275,,25.85,105.82
sell,sz.300857,2023-12-08,3134,,28.03,109.81
buy,sh.688322,2023-12-11,2381,35.45,35.45,21.1
buy,sh.688772,2023-12-12,4118,20.51,20.5,21.1
buy,sz.000032,2023-12-12,3754,22.5,22.38,21.0
buy,sz.002262,2023-12-12,3235,26.11,26.11,21.12
buy,sz.300604,2023-12-12,2047,41.27,40.48,20.72
buy,sz.300857,2023-12-12,3050,27.69,27.68,21.11
sell,sz.000032,2023-12-13,3754,,22.57,105.91
sell,sz.002262,2023-12-13,3235,,25.96,104.98
sell,sz.300604,2023-12-13,2047,,40.75,104.27
buy,sz.300339,2023-12-13,2980,28.35,27.84,20.74
sell,sh.688772,2023-12-14,4118,,20.17,103.83
buy,sz.300115,2023-12-14,6778,12.45,12.33,20.89
sell,sh.688322,2023-12-15,2381,,35.06,104.35
sell,sz.300857,2023-12-15,3050,,26.67,101.68
sell,sz.300115,2023-12-18,6778,,12.11,102.6
buy,sh.603338,2023-12-18,1788,46.97,46.5,20.79
buy,sz.002265,2023-12-18,6458,13.01,12.68,20.47
sell,sh.603338,2023-12-19,1788,,46.18,103.21
sell,sz.300339,2023-12-20,2980,,27.55,102.62
buy,sz.300002,2023-12-20,8981,9.31,9.18,20.61
sell,sz.002265,2023-12-21,6458,,11.34,91.54
sell,sz.300002,2023-12-22,8981,,8.56,96.1
buy,sz.000997,2023-12-22,4525,18.43,18.24,20.63
sell,sz.000997,2023-12-26,4525,,17.74,100.34
buy,sh.688322,2024-01-02,2201,37.58,37.02,20.37
buy,sz.000997,2024-01-02,4392,18.84,18.83,20.68
buy,sz.300115,2024-01-02,6283,13.17,13.13,20.62
buy,sz.300857,2024-01-02,3077,26.88,26.27,20.21
sell,sz.300115,2024-01-03,6283,,12.45,97.78
sell,sh.688322,2024-01-04,2201,,34.02,93.6
sell,sz.000997,2024-01-04,4392,,19.1,104.86
buy,sh.600398,2024-01-04,12105,6.76,6.73,20.37
buy,sz.300002,2024-01-04,8969,9.13,8.92,20.0
sell,sh.600398,2024-01-05,12105,,6.76,102.29
sell,sz.300002,2024-01-08,8969,,8.46,94.85
sell,sz.300857,2024-01-08,3077,,24.67,94.89
buy,sh.600398,2024-01-08,12144,6.73,6.62,20.1
buy,sh.601000,2024-01-08,23592,3.46,3.45,20.35
sell,sh.600398,2024-01-09,12144,,6.55,99.43
sell,sh.601000,2024-01-09,23592,,3.47,102.33
buy,sz.300002,2024-01-12,9108,8.94,8.86,20.17
buy,sh.600563,2024-01-15,924,88.04,87.38,20.18
buy,sh.601212,2024-01-15,30584,2.66,2.66,20.34
buy,sz.002266,2024-01-15,24233,3.36,3.33,20.17
sell,sh.600563,2024-01-16,924,,88.41,102.11
sell,sz.002266,2024-01-16,24233,,3.27,99.05
buy,sz.000539,2024-01-16,15934,5.1,5.09,20.28
buy,sz.300857,2024-01-16,3131,25.95,25.52,19.98
sell,sh.601212,2024-01-17,30584,,2.61,99.78
sell,sz.000539,2024-01-17,15934,,5.07,100.98
sell,sz.300002,2024-01-19,9108,,9.56,108.84
sell,sz.300857,2024-01-23,3131,,22.59,88.41
buy,sz.002670,2024-02-01,7897,10.26,10.26,20.26
buy,sz.300002,2024-02-05,8456,9.56,9.25,19.55
sell,sz.002670,2024-02-06,7897,,8.78,86.67
sell,sz.300002,2024-02-07,8456,,10.24,108.24
buy,sh.600435,2024-02-19,9034,8.94,8.9,20.1
buy,sh.688220,2024-02-19,1559,51.79,50.33,19.62
buy,sh.688520,2024-02-19,1773,45.55,44.28,19.63
buy,sh.600536,2024-02-20,2825,28.45,28.38,20.04
buy,sh.688234,2024-02-20,1492,53.86,53.43,19.93
buy,sh.688297,2024-02-20,2403,33.45,33.06,19.86
buy,sh.688561,2024-02-20,2498,32.18,31.84,19.88
buy,sz.002265,2024-02-20,8313,9.67,9.48,19.7
sell,sh.600435,2024-02-21,9034,,8.99,101.52
sell,sz.002265,2024-02-21,8313,,9.72,101.0
buy,sz.000032,2024-02-21,4620,17.45,17.42,20.12
buy,sz.002261,2024-02-21,6056,13.31,13.3,20.14
buy,sz.300757,2024-02-21,1639,49.17,45.72,18.73
sell,sh.688297,2024-02-22,2403,,33.31,100.05
sell,sz.002261,2024-02-22,6056,,13.88,105.07
sell,sz.300757,2024-02-22,1639,,45.87,93.98
buy,sh.600606,2024-02-22,37365,2.16,2.14,19.99
buy,sz.000415,2024-02-22,38432,2.1,2.09,20.08
sell,sz.000032,2024-02-23,4620,,18.52,106.95
buy,sz.000050,2024-02-23,9172,8.91,8.84,20.27
buy,sz.002414,2024-02-23,13529,6.04,6.0,20.29
buy,sh.600435,2024-02-26,8845,9.3,9.27,20.5
buy,sz.002153,2024-02-26,10427,7.89,7.88,20.54
buy,sz.002926,2024-02-26,10910,7.54,7.53,20.54
buy,sz.300857,2024-02-26,3406,24.15,24.01,20.44
sell,sz.002926,2024-02-27,10910,,7.59,103.51
sell,sz.300857,2024-02-27,3406,,24.39,103.84
buy,sz.001286,2024-02-27,10351,8.01,7.99,20.68
sell,sz.001286,2024-02-28,10351,,7.96,102.99
buy,sh.688027,2024-02-28,791,107.22,105.5,20.86
buy,sh.688183,2024-02-28,10126,8.38,8.02,20.3
buy,sz.002261,2024-02-28,5492,15.45,14.78,20.29
buy,sz.300339,2024-02-28,3602,23.56,22.77,20.5
sell,sh.600435,2024-02-29,8845,,9.2,101.72
sell,sh.688183,2024-02-29,10126,,7.78,98.48
buy,sh.601061,2024-03-01,10998,7.67,7.59,20.87
buy,sz.002670,2024-03-01,8336,10.12,10.07,20.99
sell,sh.601061,2024-03-04,10998,,7.67,105.44
sell,sh.688561,2024-03-04,2498,,36.38,113.6
sell,sz.002414,2024-03-04,13529,,6.4,108.23
sell,sz.300339,2024-03-04,3602,,23.92,107.7
buy,sh.600032,2024-03-04,11550,7.42,7.33,21.17
buy,sh.600435,2024-03-04,8957,9.57,9.48,21.23
buy,sh.688538,2024-03-04,36161,2.37,2.36,21.33
sell,sh.600032,2024-03-05,11550,,7.29,105.25
sell,sh.600435,2024-03-05,8957,,9.58,107.26
buy,sh.601099,2024-03-05,24932,3.43,3.38,21.07
buy,sh.688183,2024-03-05,10339,8.27,8.15,21.07
buy,sh.688322,2024-03-05,2599,32.9,32.14,20.88
sell,sh.600536,2024-03-06,2825,,33.26,117.45
sell,sh.600606,2024-03-06,37365,,2.1,98.08
buy,sh.600109,2024-03-06,9654,8.79,8.68,20.95
sell,sh.600109,2024-03-07,9654,,8.65,104.38
sell,sh.688520,2024-03-08,1773,,40.61,90.0
buy,sz.000825,2024-03-08,22167,3.76,3.75,20.78
sell,sh.688220,2024-03-11,1559,,48.62,94.75
buy,sz.002430,2024-03-11,3101,27.37,27.14,21.04
sell,sh.688234,2024-03-12,1492,,55.82,104.1
sell,sh.601099,2024-03-12,24932,,3.44,107.21
sell,sz.002430,2024-03-12,3101,,27.53,106.71
sell,sz.002670,2024-03-12,8336,,10.14,105.66
buy,sh.600369,2024-03-12,21550,4.01,4.0,21.55
buy,sz.000830,2024-03-12,9025,9.58,9.51,21.46
sell,sh.688027,2024-03-13,791,,134.04,132.53
buy,sh.600390,2024-03-13,17955,4.83,4.77,21.41
buy,sh.600606,2024-03-13,39435,2.2,2.16,21.29
buy,sh.600820,2024-03-13,15553,5.58,5.53,21.5
buy,sh.688234,2024-03-13,1580,54.91,54.86,21.67
buy,sh.688520,2024-03-13,2014,43.07,42.9,21.6
sell,sz.000415,2024-03-14,38432,,2.14,102.81
sell,sh.600390,2024-03-15,17955,,4.75,106.61
sell,sh.600606,2024-03-15,39435,,2.13,105.0
sell,sh.600820,2024-03-15,15553,,5.54,107.7
sell,sh.688234,2024-03-15,1580,,53.7,106.06
sell,sh.688322,2024-03-15,2599,,36.47,118.48
sell,sh.688520,2024-03-15,2014,,44.64,112.38
sell,sh.688538,2024-03-15,36161,,2.28,103.06
sell,sz.000050,2024-03-15,9172,,9.08,104.1
sell,sz.000825,2024-03-15,22167,,3.69,102.25
sell,sz.002153,2024-03-15,10427,,7.85,102.31
sell,sz.002261,2024-03-15,5492,,16.51,113.34
sell,sh.688183,2024-03-18,10339,,9.47,122.39
buy,sh.601212,2024-03-18,30728,2.82,2.82,21.66
buy,sz.000519,2024-03-18,6533,13.26,13.24,21.62
sell,sh.601212,2024-03-19,30728,,2.84,109.08
sell,sz.000830,2024-03-19,9025,,9.55,107.74
buy,sh.600435,2024-03-19,9032,9.66,9.6,21.68
buy,sh.601061,2024-03-19,10911,7.99,7.97,21.74
buy,sh.601198,2024-03-19,10675,8.17,8.08,21.56
buy,sz.000750,2024-03-19,25087,3.48,3.43,21.51
buy,sz.000997,2024-03-19,4478,19.48,19.16,21.45
buy,sz.002607,2024-03-19,25806,3.38,3.34,21.55
sell,sh.601061,2024-03-20,10911,,7.9,107.75
sell,sh.601198,2024-03-20,10675,,8.07,107.68
sell,sz.000519,2024-03-20,6533,,13.34,108.94
sell,sz.000750,2024-03-20,25087,,3.41,106.93
buy,sh.688520,2024-03-20,1913,45.3,45.06,21.55
buy,sz.002080,2024-03-20,5857,14.8,14.77,21.63
buy,sz.002414,2024-03-20,10756,8.06,7.91,21.27
sell,sh.600369,2024-03-21,21550,,3.96,106.67
sell,sh.688520,2024-03-21,1913,,44.82,107.18
sell,sz.002080,2024-03-21,5857,,14.74,107.92
sell,sz.002607,2024-03-21,25806,,3.33,107.42
buy,sh.688561,2024-03-21,2396,36.26,36.25,21.71
buy,sz.000088,2024-03-21,19825,4.38,4.38,21.71
sell,sh.600435,2024-03-22,9032,,9.44,106.58
sell,sz.000088,2024-03-22,19825,,4.33,107.3
buy,sz.002153,2024-03-22,10615,8.16,7.99,21.2
sell,sh.688561,2024-03-25,2396,,34.58,103.57
sell,sz.000997,2024-03-26,4478,,17.75,99.36
sell,sz.002153,2024-03-26,10615,,7.42,98.45
sell,sz.002414,2024-03-26,10756,,7.26,97.61
buy,sh.600801,2024-03-26,6897,12.39,12.33,21.26
sell,sh.600801,2024-03-27,6897,,12.22,105.35
buy,sh.601000,2024-03-29,21472,3.96,3.82,20.51
buy,sz.000415,2024-03-29,37643,2.26,2.22,20.89
buy,sh.600483,2024-04-01,8607,9.87,9.78,21.04
buy,sh.600497,2024-04-01,15830,5.36,5.3,20.97
buy,sz.002608,2024-04-01,11049,7.69,7.68,21.21
sell,sh.600483,2024-04-02,8607,,9.86,106.08
sell,sh.601000,2024-04-02,21472,,3.82,102.53
sell,sz.002608,2024-04-02,11049,,7.79,107.59
buy,sh.688027,2024-04-02,459,185.86,176.76,20.28
buy,sh.688183,2024-04-02,9122,9.37,9.22,21.03
buy,sz.002244,2024-04-02,12775,6.69,6.67,21.3
buy,sz.002414,2024-04-02,11549,7.4,7.3,21.08
sell,sz.002414,2024-04-03,11549,,7.18,103.65
buy,sh.600863,2024-04-03,19992,4.26,4.24,21.19
sell,sh.600497,2024-04-08,15830,,5.57,110.22
sell,sh.600863,2024-04-08,19992,,4.32,107.96
buy,sh.600583,2024-04-08,13203,6.45,6.32,20.86
buy,sh.603885,2024-04-08,6925,12.3,12.02,20.81
buy,sz.002340,2024-04-08,13041,6.53,6.53,21.29
sell,sh.600583,2024-04-09,13203,,6.09,100.51
sell,sh.688027,2024-04-09,459,,172.48,98.96
sell,sz.000415,2024-04-09,37643,,2.33,109.64
sell,sz.002244,2024-04-09,12775,,6.38,101.88
sell,sz.002340,2024-04-09,13041,,6.4,104.33
buy,sh.688027,2024-04-10,486,173.66,167.8,20.39
sell,sh.603885,2024-04-11,6925,,11.81,102.23
buy,sz.301301,2024-04-12,8894,9.52,9.31,20.7
sell,sz.301301,2024-04-16,8894,,9.08,100.95
buy,sz.300073,2024-04-16,1834,46.22,44.4,20.36
sell,sz.300073,2024-04-17,1834,,47.62,109.17
buy,sz.002670,2024-04-19,9064,9.4,9.2,20.85
buy,sz.300073,2024-04-19,1704,49.98,49.65,21.15
buy,sh.600685,2024-04-23,3207,26.61,25.68,20.59
sell,sh.688183,2024-04-25,9122,,9.83,112.09
sell,sz.300073,2024-04-25,1704,,44.62,95.04
buy,sz.002153,2024-04-25,12602,6.76,6.7,21.11
sell,sh.688027,2024-04-26,486,,202.68,123.13
buy,sh.688027,2024-04-29,393,220.0,214.02,21.03
buy,sz.002414,2024-04-29,12368,7.0,6.98,21.58
buy,sh.600536,2024-04-30,2903,30.17,29.88,21.69
buy,sh.600606,2024-04-30,45625,1.92,1.86,21.22
buy,sh.603816,2024-04-30,2746,31.89,31.14,21.38
buy,sh.688220,2024-04-30,2132,41.08,40.88,21.79
buy,sh.688234,2024-04-30,1581,55.38,55.18,21.81
buy,sh.688183,2024-05-06,8444,10.41,10.33,21.81
sell,sh.600536,2024-05-07,2903,,30.36,110.17
sell,sh.688027,2024-05-07,393,,209.64,102.99
sell,sh.688234,2024-05-07,1581,,56.94,112.53
sell,sz.002414,2024-05-07,12368,,7.02,108.53
buy,sh.603858,2024-05-07,5407,16.44,16.35,22.1
buy,sz.002065,2024-05-07,16406,5.42,5.39,22.11
buy,sz.002261,2024-05-07,6295,14.12,14.05,22.11
sell,sh.603858,2024-05-08,5407,,16.4,110.84
buy,sh.601865,2024-05-08,3389,26.27,25.79,21.85
buy,sh.688234,2024-05-08,1564,56.91,56.55,22.11
buy,sh.688538,2024-05-08,40660,2.19,2.17,22.06
buy,sz.002080,2024-05-08,5613,15.86,15.58,21.86
sell,sh.603816,2024-05-09,2746,,32.45,111.38
sell,sz.002065,2024-05-09,16406,,5.29,108.48
sell,sz.002080,2024-05-09,5613,,15.66,109.87
sell,sz.002261,2024-05-09,6295,,12.9,101.51
sell,sh.601865,2024-05-10,3389,,25.8,109.3
buy,sh.600536,2024-05-10,2868,30.65,30.46,21.84
buy,sh.603858,2024-05-10,5279,16.65,16.55,21.84
buy,sh.688027,2024-05-10,435,202.01,200.0,21.75
buy,sz.002414,2024-05-10,12453,7.06,7.02,21.86
buy,sz.002673,2024-05-10,12458,7.06,7.05,21.96
buy,sz.301536,2024-05-10,2452,35.84,34.95,21.42
sell,sh.600685,2024-05-13,3207,,27.3,109.44
sell,sz.002673,2024-05-13,12458,,7.06,109.94
sell,sz.301536,2024-05-13,2452,,32.75,100.38
buy,sz.300748,2024-05-13,5900,14.78,14.52,21.42
sell,sh.688183,2024-05-14,8444,,10.03,105.87
sell,sz.300748,2024-05-14,5900,,14.53,107.16
sell,sz.002670,2024-05-15,9064,,11.1,125.76
sell,sh.688027,2024-05-15,435,,179.61,97.66
buy,sh.600435,2024-05-15,9880,8.69,8.63,21.32
buy,sh.688520,2024-05-15,1767,48.6,47.81,21.12
sell,sh.600435,2024-05-16,9880,,8.56,105.72
sell,sh.600536,2024-05-16,2868,,30.2,108.27
buy,sh.600685,2024-05-16,3082,27.57,27.33,21.06
sell,sh.600685,2024-05-17,3082,,26.94,103.79
buy,sz.002670,2024-05-17,7925,10.72,10.62,21.04
buy,sz.301301,2024-05-17,5680,14.96,14.83,21.06
sell,sz.301301,2024-05-20,5680,,15.12,107.35
buy,sz.301536,2024-05-20,2366,36.42,36.12,21.36
sell,sz.002153,2024-05-21,12602,,6.75,106.33
buy,sh.600685,2024-05-21,3086,27.81,27.34,21.09
buy,sh.688027,2024-05-21,446,192.09,191.18,21.32
buy,sh.688183,2024-05-21,5677,15.12,15.1,21.43
buy,sz.300748,2024-05-21,5936,14.46,14.27,21.18
sell,sh.688234,2024-05-22,1564,,51.74,101.15
sell,sz.301536,2024-05-22,2366,,37.21,110.05
buy,sz.300757,2024-05-22,956,89.15,88.75,21.21
sell,sh.688027,2024-05-23,446,,172.46,96.15
sell,sz.002414,2024-05-23,12453,,6.75,105.07
buy,sz.002153,2024-05-23,12410,6.88,6.75,20.94
sell,sh.600606,2024-05-24,45625,,2.05,116.91
sell,sh.688220,2024-05-24,2132,,38.42,102.39
buy,sz.300454,2024-05-24,1535,54.97,54.26,20.82
sell,sh.688538,2024-05-27,40660,,2.08,105.72
sell,sz.300454,2024-05-27,1535,,53.57,102.79
buy,sh.600606,2024-05-27,41045,2.02,1.98,20.32
buy,sz.002244,2024-05-27,9423,8.8,8.75,20.61
sell,sz.300748,2024-05-28,5936,,13.84,102.69
buy,sh.600398,2024-05-28,10020,8.29,8.28,20.74
sell,sh.688520,2024-05-29,1767,,44.68,98.69
sell,sz.002670,2024-05-29,7925,,9.72,96.29
sell,sh.600398,2024-05-30,10020,,8.37,104.83
sell,sz.300757,2024-05-30,956,,86.18,102.99
sell,sh.603858,2024-05-31,5279,,15.35,101.29
sell,sz.002244,2024-06-03,9423,,8.15,96.0
sell,sh.600606,2024-06-04,41045,,1.8,92.35
buy,sh.600879,2024-06-04,10843,7.62,7.61,20.63
sell,sh.600879,2024-06-05,10843,,7.8,105.72
buy,sh.688469,2024-06-05,19852,4.18,4.16,20.65
sell,sh.600685,2024-06-06,3086,,27.71,106.89
sell,sz.002153,2024-06-06,12410,,6.32,98.04
buy,sh.688322,2024-06-06,2899,28.53,27.74,20.1
buy,sz.300496,2024-06-07,1469,56.25,54.29,19.94
buy,sh.600685,2024-06-11,2952,27.9,27.45,20.26
sell,sh.688183,2024-06-12,5677,,19.64,139.37
sell,sh.600685,2024-06-12,2952,,27.32,100.81
sell,sh.688469,2024-06-12,19852,,4.14,102.73
sell,sz.300496,2024-06-12,1469,,55.06,101.1
buy,sh.688220,2024-06-12,2106,39.63,39.5,20.8
buy,sh.688234,2024-06-12,1576,52.96,52.7,20.76
sell,sh.688322,2024-06-13,2899,,27.72,100.45
buy,sz.300718,2024-06-13,5827,14.37,14.35,20.9
buy,sz.300757,2024-06-13,966,86.69,86.32,20.85
buy,sh.688183,2024-06-17,4003,21.1,21.06,21.08
buy,sz.002261,2024-06-17,6933,12.18,11.95,20.71
sell,sz.002261,2024-06-18,6933,,12.17,105.47
sell,sz.300718,2024-06-18,5827,,14.8,107.8
buy,sh.603659,2024-06-18,5175,16.31,16.0,20.7
buy,sh.688676,2024-06-18,1471,57.38,56.93,20.94
sell,sz.300757,2024-06-19,966,,89.55,108.13
buy,sh.688027,2024-06-19,490,172.94,171.09,20.96
buy,sh.688192,2024-06-19,2006,42.28,41.6,20.86
buy,sh.688322,2024-06-19,2976,28.5,28.24,21.01
sell,sh.688676,2024-06-21,1471,,52.89,97.25
sell,sh.603659,2024-06-24,5175,,14.21,91.92
sell,sh.688322,2024-06-25,2976,,25.6,95.23
sell,sh.688027,2024-06-26,490,,151.46,92.77
sell,sh.688183,2024-06-26,4003,,19.01,95.12
sell,sh.688234,2024-06-26,1576,,48.09,94.74
buy,sh.688183,2024-06-27,4180,19.32,19.04,19.9
sell,sh.688192,2024-06-28,2006,,37.66,94.43
buy,sh.600536,2024-07-01,2683,29.92,29.59,19.85
sell,sh.688220,2024-07-03,2106,,36.7,96.61
sell,sh.600536,2024-07-04,2683,,29.08,97.53
sell,sh.688183,2024-07-09,4180,,19.24,100.53
buy,sz.002984,2024-07-12,3377,23.72,23.57,19.9
buy,sh.603858,2024-07-15,5317,15.07,14.96,19.89
buy,sh.688183,2024-07-15,2896,27.66,26.33,19.06
buy,sz.002414,2024-07-15,12943,6.19,6.07,19.64
sell,sh.688183,2024-07-16,2896,,26.67,96.55
sell,sz.002984,2024-07-16,3377,,22.43,94.68
sell,sh.603858,2024-07-17,5317,,14.56,96.77
sell,sz.002414,2024-07-17,12943,,6.06,98.04
buy,sh.688183,2024-07-17,2921,27.32,25.8,18.84
buy,sh.688220,2024-07-17,2101,37.98,37.86,19.89
buy,sz.300496,2024-07-17,1701,46.91,46.25,19.67
sell,sz.300496,2024-07-18,1701,,44.39,94.38
buy,sh.600606,2024-07-18,55198,1.44,1.42,19.6
buy,sz.002414,2024-07-18,13292,5.98,5.88,19.54
sell,sh.600606,2024-07-19,55198,,1.4,96.6
sell,sz.002414,2024-07-19,13292,,6.0,99.69
buy,sh.688692,2024-07-19,530,149.83,149.17,19.77
buy,sz.002607,2024-07-19,50308,1.58,1.58,19.87
buy,sh.688192,2024-07-22,1903,41.76,41.24,19.62
buy,sh.600536,2024-07-23,2478,32.11,31.37,19.43
buy,sh.688027,2024-07-23,502,158.45,154.5,19.39
buy,sz.002261,2024-07-23,7111,11.19,10.92,19.41
buy,sz.002414,2024-07-23,13045,6.1,5.96,19.44
buy,sz.300718,2024-07-23,6106,13.03,12.98,19.81
sell,sh.688192,2024-07-25,1903,,37.29,88.7
sell,sz.002607,2024-07-25,50308,,1.46,91.81
sell,sz.300718,2024-07-25,6106,,12.66,96.63
sell,sh.688183,2024-07-26,2921,,22.73,82.99
sell,sh.688692,2024-07-26,530,,138.2,91.56
sell,sz.002261,2024-07-29,7111,,10.28,91.38
buy,sz.002670,2024-07-29,8171,9.39,9.22,18.83
sell,sh.688027,2024-07-31,502,,159.99,100.39
sell,sz.002670,2024-07-31,8171,,9.77,99.79
buy,sh.600606,2024-08-01,54072,1.44,1.44,19.47
buy,sh.601865,2024-08-01,4155,18.74,18.21,18.92
buy,sh.601866,2024-08-01,32542,2.39,2.39,19.44
buy,sz.002153,2024-08-01,13920,5.59,5.53,19.24
sell,sh.600606,2024-08-02,54072,,1.42,95.98
sell,sh.601865,2024-08-02,4155,,17.7,91.93
sell,sh.601866,2024-08-02,32542,,2.37,96.41
sell,sz.002153,2024-08-02,13920,,5.5,95.7
sell,sz.002414,2024-08-02,13045,,6.3,102.73
buy,sh.688027,2024-08-02,471,164.8,164.24,19.34
buy,sh.688172,2024-08-02,4932,15.75,15.58,19.21
buy,sh.688322,2024-08-02,2889,26.89,26.09,18.84
buy,sh.688469,2024-08-02,19569,3.97,3.94,19.28
buy,sz.000050,2024-08-02,10835,7.17,7.04,19.07
buy,sz.000921,2024-08-02,2898,26.8,26.43,19.15
buy,sz.002430,2024-08-02,4058,19.15,19.06,19.34
buy,sz.301536,2024-08-02,2147,36.17,35.3,18.95
sell,sh.688172,2024-08-05,4932,,15.14,93.34
sell,sz.000050,2024-08-05,10835,,6.82,92.37
sell,sz.000921,2024-08-05,2898,,26.19,94.87
sell,sz.002430,2024-08-05,4058,,18.91,95.92
sell,sh.688322,2024-08-06,2889,,24.46,88.33
sell,sh.688469,2024-08-06,19569,,3.86,94.42
buy,sz.002670,2024-08-06,7436,10.14,9.74,18.11
sell,sh.688220,2024-08-07,2101,,35.71,93.78
buy,sh.600606,2024-08-07,52636,1.44,1.42,18.69
sell,sh.600536,2024-08-08,2478,,29.3,90.76
sell,sz.301536,2024-08-08,2147,,33.48,89.85
buy,sz.002153,2024-08-08,14020,5.39,5.33,18.68
buy,sh.688692,2024-08-09,512,147.38,146.62,18.77
buy,sz.000429,2024-08-09,7422,10.17,10.12,18.78
sell,sz.000429,2024-08-12,7422,,10.05,93.24
buy,sz.002414,2024-08-12,11853,6.35,6.21,18.4
sell,sh.688027,2024-08-13,471,,146.5,86.25
buy,sh.600583,2024-08-14,13932,5.36,5.32,18.53
buy,sz.000750,2024-08-16,24936,3.01,3.0,18.7
sell,sz.000750,2024-08-19,24936,,2.99,93.2
buy,sh.601198,2024-08-19,9109,8.2,8.19,18.65
sell,sh.601198,2024-08-20,9109,,8.16,92.91
buy,sh.600536,2024-08-20,2475,30.38,29.8,18.44
buy,sh.601000,2024-08-20,15144,4.97,4.95,18.74
buy,sz.000739,2024-08-20,5085,14.79,14.49,18.42
buy,sz.002244,2024-08-20,9247,8.13,7.99,18.47
sell,sh.600583,2024-08-21,13932,,5.31,92.47
sell,sh.601000,2024-08-21,15144,,4.91,92.95
sell,sz.002244,2024-08-21,9247,,7.87,90.97
buy,sh.601928,2024-08-21,7153,10.39,10.31,18.44
sell,sz.000739,2024-08-22,5085,,14.18,90.13
sell,sh.601928,2024-08-23,7153,,10.21,91.29
sell,sh.688692,2024-08-23,512,,148.62,95.12
sell,sz.002153,2024-08-23,14020,,4.97,87.1
sell,sz.002670,2024-08-23,7436,,8.9,82.73
sell,sh.600536,2024-08-27,2475,,29.08,89.97
sell,sh.600606,2024-08-28,52636,,1.33,87.51
sell,sz.002414,2024-08-28,11853,,5.74,85.05
buy,sz.002261,2024-08-28,6415,11.43,11.08,17.77
sell,sz.002261,2024-08-30,6415,,11.92,95.58
buy,sh.600435,2024-09-02,8348,8.82,8.81,18.39
buy,sh.600606,2024-09-02,52249,1.41,1.38,18.03
buy,sz.000528,2024-09-02,7906,9.32,9.24,18.26
buy,sz.002153,2024-09-02,13812,5.33,5.28,18.23
buy,sz.002670,2024-09-02,7870,9.36,9.07,17.85
buy,sz.300718,2024-09-02,5475,13.46,13.27,18.16
sell,sh.600606,2024-09-03,52249,,1.38,90.13
buy,sh.688027,2024-09-03,480,152.52,151.56,18.19
sell,sh.600435,2024-09-05,8348,,8.49,88.59
sell,sz.000528,2024-09-05,7906,,9.12,90.13
buy,sz.002261,2024-09-05,5755,12.76,12.68,18.24
buy,sh.600435,2024-09-06,8707,8.49,8.36,18.2
buy,sh.600536,2024-09-06,2385,30.97,30.77,18.35
sell,sh.600536,2024-09-09,2385,,30.36,90.51
buy,sh.688336,2024-09-09,4297,17.04,16.81,18.06
buy,sz.300073,2024-09-09,2251,32.52,31.73,17.86
sell,sh.688336,2024-09-10,4297,,16.68,89.59
sell,sz.002261,2024-09-10,5755,,11.78,84.74
buy,sz.002261,2024-09-11,6014,12.19,11.88,17.86
sell,sz.002670,2024-09-12,7870,,8.86,87.16
buy,sh.600536,2024-09-13,2220,33.03,32.81,18.21
sell,sh.600435,2024-09-19,8707,,8.83,96.1
sell,sz.002153,2024-09-20,13812,,5.75,99.27
buy,sz.002670,2024-09-20,8197,9.03,8.93,18.3
buy,sh.600606,2024-09-23,50655,1.47,1.46,18.49
sell,sh.600606,2024-09-24,50655,,1.48,93.71
sell,sz.002261,2024-09-24,6014,,13.76,103.44
sell,sz.300073,2024-09-24,2251,,30.73,86.47
sell,sz.300718,2024-09-25,5475,,13.35,91.36
sell,sh.688027,2024-09-26,480,,159.3,95.58
sell,sz.002670,2024-09-26,8197,,9.94,101.85
buy,sh.688183,2024-09-26,3833,19.6,19.43,18.62
buy,sz.002261,2024-09-26,5176,14.52,14.51,18.78
buy,sh.600435,2024-10-09,6782,11.89,11.71,19.85
buy,sh.601615,2024-10-09,7108,11.34,10.74,19.08
buy,sh.688027,2024-10-09,343,235.07,214.54,18.4
buy,sh.688520,2024-10-09,1706,47.26,44.74,19.08
buy,sh.688538,2024-10-09,30088,2.68,2.57,19.33
buy,sh.688772,2024-10-09,4286,18.81,17.52,18.77
buy,sz.002414,2024-10-09,9992,8.07,7.78,19.43
buy,sz.002670,2024-10-09,5894,13.68,12.94,19.07
buy,sz.300718,2024-10-09,4355,18.51,17.13,18.65
sell,sh.688183,2024-10-10,3833,,25.3,121.22
sell,sh.688538,2024-10-10,30088,,2.55,95.91
buy,sh.600606,2024-10-10,38006,2.06,1.94,18.43
buy,sh.688172,2024-10-10,3862,20.27,19.9,19.21
buy,sh.688220,2024-10-10,1605,48.78,47.42,19.03
buy,sz.002153,2024-10-10,9959,7.86,7.56,18.82
buy,sz.300604,2024-10-10,1824,42.9,41.49,18.92
sell,sh.601615,2024-10-11,7108,,10.42,92.58
sell,sh.688027,2024-10-11,343,,184.5,79.1
sell,sh.688172,2024-10-11,3862,,18.51,89.36
sell,sz.002670,2024-10-11,5894,,11.16,82.22
buy,sh.600685,2024-10-11,2868,26.52,25.8,18.5
buy,sh.688183,2024-10-11,3109,24.47,24.34,18.92
buy,sh.688234,2024-10-11,1221,62.3,59.66,18.21
buy,sh.688336,2024-10-11,2798,22.94,22.37,15.65
sell,sh.600435,2024-10-14,6782,,10.56,89.52
sell,sh.600536,2024-10-14,2220,,39.78,110.39
sell,sh.688220,2024-10-14,1605,,41.36,82.98
sell,sh.688234,2024-10-14,1221,,58.19,88.81
sell,sh.688336,2024-10-14,2798,,21.67,75.79
sell,sh.688520,2024-10-14,1706,,37.64,80.27
sell,sh.688772,2024-10-14,4286,,15.61,83.63
sell,sz.002153,2024-10-14,9959,,7.04,87.64
sell,sz.002414,2024-10-14,9992,,7.19,89.8
sell,sz.300604,2024-10-14,1824,,38.82,88.51
sell,sz.300718,2024-10-14,4355,,15.75,85.74
buy,sh.688322,2024-10-14,2658,27.2,27.06,17.98
buy,sh.688538,2024-10-14,30131,2.4,2.38,17.93
buy,sz.002670,2024-10-14,6568,11.01,10.93,17.95
buy,sz.002926,2024-10-14,9079,7.96,7.87,17.86
sell,sh.600606,2024-10-15,38006,,1.97,93.59
sell,sh.688322,2024-10-15,2658,,28.76,95.56
sell,sh.688538,2024-10-15,30131,,2.36,88.89
sell,sz.002670,2024-10-15,6568,,11.1,91.13
sell,sz.002926,2024-10-15,9079,,7.88,89.43
buy,sh.600739,2024-10-15,6410,11.63,11.35,18.19
buy,sh.600863,2024-10-15,16808,4.44,4.41,18.53
buy,sh.688297,2024-10-15,1950,38.22,37.9,18.48
buy,sh.688469,2024-10-15,17099,4.36,4.35,18.6
buy,sh.688772,2024-10-15,4667,15.97,15.5,18.08
buy,sz.301301,2024-10-15,6150,12.12,12.09,18.59
buy,sh.600435,2024-10-16,6765,10.88,10.65,18.01
buy,sh.601099,2024-10-16,17695,4.16,4.14,18.31
buy,sh.688561,2024-10-16,2390,30.79,30.66,18.32
buy,sz.300604,2024-10-16,1830,40.21,39.95,18.28
sell,sh.600685,2024-10-17,2868,,25.0,89.63
sell,sh.600863,2024-10-17,16808,,4.34,91.18
sell,sh.601099,2024-10-17,17695,,4.14,91.57
sell,sh.688297,2024-10-17,1950,,37.67,91.82
sell,sh.688561,2024-10-17,2390,,31.88,95.24
sell,sz.300604,2024-10-17,1830,,41.08,93.97
sell,sz.301301,2024-10-17,6150,,12.01,92.33
buy,sh.600606,2024-10-17,34665,2.12,2.02,17.51
buy,sh.688538,2024-10-17,32092,2.29,2.29,18.37
buy,sz.000088,2024-10-17,15840,4.64,4.6,18.22
buy,sz.002926,2024-10-17,8568,8.58,8.38,17.95
sell,sh.600739,2024-10-18,6410,,11.23,89.98
sell,sz.000088,2024-10-18,15840,,4.58,90.68
sell,sh.600435,2024-10-21,6765,,11.49,97.16
sell,sh.688183,2024-10-21,3109,,35.27,137.07
buy,sh.600536,2024-10-21,1782,42.94,42.89,19.11
buy,sh.603858,2024-10-21,4547,16.83,16.72,19.01
buy,sz.002670,2024-10-21,6754,11.33,11.12,18.78
sell,sh.603858,2024-10-22,4547,,16.72,95.03
buy,sh.688220,2024-10-22,1739,45.0,43.97,19.12
buy,sz.002153,2024-10-22,10407,7.52,7.4,19.25
buy,sz.002414,2024-10-22,9958,7.86,7.74,19.27
buy,sz.300757,2024-10-22,375,208.67,207.62,19.46
sell,sz.300757,2024-10-23,375,,210.28,98.57
sell,sz.002261,2024-10-24,5176,,23.72,153.47
sell,sh.688772,2024-10-24,4667,,16.43,95.85
buy,sh.600435,2024-10-24,6882,11.33,11.07,19.05
buy,sh.601990,2024-10-24,9020,8.65,8.64,19.48
sell,sh.600536,2024-10-25,1782,,41.29,91.97
buy,sh.688027,2024-10-25,354,219.24,213.9,18.93
buy,sh.688520,2024-10-25,1903,40.8,40.17,19.11
buy,sz.002261,2024-10-25,3118,24.9,24.64,19.21
buy,sz.002966,2024-10-25,10455,7.43,7.38,19.29
sell,sh.600435,2024-10-28,6882,,11.67,100.39
sell,sh.688027,2024-10-28,354,,213.2,94.34
sell,sh.688220,2024-10-28,1739,,43.56,94.69
sell,sh.688469,2024-10-28,17099,,4.8,102.59
sell,sh.688520,2024-10-28,1903,,40.01,95.17
sell,sz.002153,2024-10-28,10407,,7.26,94.44
sell,sz.002261,2024-10-28,3118,,24.64,96.03
sell,sz.002414,2024-10-28,9958,,8.13,101.2
sell,sz.002926,2024-10-28,8568,,8.38,89.75
sell,sz.002966,2024-10-28,10455,,7.31,95.53
buy,sh.601108,2024-10-28,9742,8.03,8.02,19.53
buy,sh.601555,2024-10-28,10362,7.55,7.54,19.53
buy,sh.688183,2024-10-28,2452,31.88,30.94,18.97
buy,sz.300339,2024-10-28,1250,62.5,62.39,19.5
buy,sz.300757,2024-10-28,390,200.43,198.49,19.35
buy,sz.301611,2024-10-28,986,79.3,76.39,18.83
sell,sh.688538,2024-10-29,32092,,2.45,98.28
sell,sz.300339,2024-10-29,1250,,64.91,101.42
sell,sz.300757,2024-10-29,390,,211.79,103.25
sell,sz.301611,2024-10-29,986,,78.55,96.81
buy,sh.600109,2024-10-29,8778,9.0,8.98,19.71
buy,sh.600435,2024-10-29,6788,11.64,11.62,19.72
buy,sh.603858,2024-10-29,4622,17.09,16.77,19.38
buy,sz.000723,2024-10-29,14937,5.29,5.15,19.23
sell,sh.600435,2024-10-30,6788,,11.38,96.56
sell,sh.601555,2024-10-30,10362,,7.65,99.09
sell,sz.000723,2024-10-30,14937,,5.05,94.29
sell,sz.002670,2024-10-30,6754,,11.3,95.4
buy,sh.600655,2024-10-30,13556,5.84,5.79,19.62
buy,sh.600927,2024-10-30,5418,14.62,14.37,19.46
buy,sh.601061,2024-10-30,10206,7.76,7.7,19.65
buy,sz.002673,2024-10-30,9786,8.09,7.97,19.5
sell,sh.688183,2024-10-31,2452,,34.14,104.64
buy,sh.688692,2024-10-31,357,221.87,221.01,19.73
sell,sh.600927,2024-11-01,5418,,14.21,96.24
sell,sh.601061,2024-11-01,10206,,7.86,100.27
sell,sh.603858,2024-11-01,4622,,16.37,94.58
sell,sh.688692,2024-11-01,357,,226.34,101.0
buy,sz.000539,2024-11-01,16360,4.89,4.78,19.55
sell,sh.600109,2024-11-04,8778,,9.07,99.52
sell,sh.600655,2024-11-04,13556,,5.79,98.11
sell,sh.601108,2024-11-04,9742,,8.09,98.52
sell,sh.601990,2024-11-04,9020,,8.81,99.33
sell,sz.000539,2024-11-04,16360,,4.72,96.52
sell,sz.002673,2024-11-04,9786,,8.04,98.35
buy,sh.600536,2024-11-04,1696,47.0,45.05,19.1
buy,sh.688692,2024-11-04,362,220.0,219.38,19.85
buy,sz.002153,2024-11-04,10519,7.58,7.38,19.41
buy,sz.002261,2024-11-04,3309,24.1,22.9,18.94
sell,sh.600536,2024-11-05,1696,,47.94,101.63
sell,sh.688692,2024-11-05,362,,226.32,102.41
buy,sh.600511,2024-11-06,2592,31.56,31.43,20.37
buy,sz.002414,2024-11-06,9578,8.54,8.52,20.4
buy,sz.300496,2024-11-06,1367,59.83,59.19,20.23
sell,sh.600606,2024-11-07,34665,,2.55,110.49
buy,sh.600435,2024-11-07,6857,11.95,11.57,19.83
buy,sh.688297,2024-11-07,1492,54.91,50.98,19.02
sell,sh.600511,2024-11-08,2592,,32.31,104.68
buy,sh.600369,2024-11-08,15455,5.34,5.28,20.4
buy,sz.002670,2024-11-08,6520,12.65,12.48,20.34
buy,sz.002926,2024-11-08,9004,9.16,9.16,20.62
sell,sh.600369,2024-11-11,15455,,5.07,97.95
sell,sz.002926,2024-11-11,9004,,8.89,100.06
buy,sh.600606,2024-11-11,31643,2.61,2.51,19.86
buy,sh.601615,2024-11-11,6324,13.06,13.03,20.6
buy,sh.603858,2024-11-11,4801,17.2,17.08,20.5
sell,sh.603858,2024-11-12,4801,,17.25,103.52
buy,sh.688027,2024-11-12,293,285.0,276.34,20.24
buy,sh.688220,2024-11-12,1844,45.33,44.98,20.74
buy,sz.002673,2024-11-12,8059,10.38,9.85,19.85
buy,sz.300454,2024-11-12,1137,73.49,72.52,20.61
sell,sz.002673,2024-11-13,8059,,9.52,95.9
sell,sz.300454,2024-11-14,1137,,71.13,101.09
buy,sh.600536,2024-11-14,1209,67.47,63.84,19.3
buy,sh.600655,2024-11-14,13627,5.99,5.91,20.13
buy,sh.688172,2024-11-14,2789,29.25,28.42,19.82
buy,sh.688520,2024-11-14,1898,42.97,42.28,20.06
sell,sh.600655,2024-11-15,13627,,5.82,99.14
sell,sh.600536,2024-11-18,1209,,55.08,83.24
sell,sh.600606,2024-11-18,31643,,2.39,94.53
sell,sh.688172,2024-11-18,2789,,27.31,95.21
sell,sh.688220,2024-11-18,1844,,40.2,92.66
sell,sh.688297,2024-11-18,1492,,43.39,80.92
sell,sz.002670,2024-11-18,6520,,11.12,90.63
sell,sh.600435,2024-11-19,6857,,10.4,89.14
sell,sh.601615,2024-11-19,6324,,12.24,96.76
sell,sh.688027,2024-11-19,293,,243.86,89.31
sell,sh.688520,2024-11-19,1898,,38.77,91.98
buy,sh.600606,2024-11-19,30586,2.45,2.3,17.59
buy,sz.000050,2024-11-19,7913,9.47,9.22,18.24
buy,sh.600536,2024-11-20,1360,55.62,55.24,18.78
buy,sh.601615,2024-11-20,6114,12.38,12.29,18.79
buy,sh.688172,2024-11-20,2546,29.72,28.9,18.39
sell,sh.600536,2024-11-21,1360,,57.35,97.49
buy,sh.688520,2024-11-21,1882,40.38,40.34,18.98
buy,sh.600536,2024-11-22,1293,58.44,56.0,18.1
buy,sh.688615,2024-11-22,598,126.24,122.51,18.32
sell,sz.002153,2024-11-25,10519,,7.38,97.04
sell,sz.002261,2024-11-25,3309,,21.36,88.35
sell,sh.688172,2024-11-25,2546,,25.06,79.75
sell,sh.601615,2024-11-26,6114,,12.27,93.77
sell,sh.688615,2024-11-26,598,,116.31,86.94
sell,sz.000050,2024-11-26,7913,,8.7,86.05
sell,sz.300496,2024-11-26,1367,,53.72,91.79
sell,sz.002414,2024-11-27,9578,,7.71,92.31
buy,sh.688027,2024-11-27,240,301.5,288.74,17.32
buy,sh.688172,2024-11-27,2918,24.86,24.4,17.8
sell,sh.600536,2024-11-28,1293,,54.68,88.38
sell,sh.688027,2024-11-28,240,,306.3,91.89
buy,sz.002065,2024-11-28,9241,7.92,7.88,18.2
buy,sz.002670,2024-11-28,6200,11.8,11.74,18.2
sell,sz.002065,2024-12-03,9241,,8.0,92.41
buy,sh.688027,2024-12-03,251,295.18,292.27,18.34
buy,sz.002153,2024-12-03,9265,8.02,7.97,18.46
sell,sz.002153,2024-12-05,9265,,8.14,94.27
buy,sh.601615,2024-12-05,5338,13.84,13.7,18.28
sell,sh.688027,2024-12-06,251,,290.85,91.25
buy,sz.002153,2024-12-06,8941,8.26,8.26,18.46
buy,sz.000528,2024-12-09,6565,11.3,11.16,18.32
sell,sh.600606,2024-12-10,30586,,2.57,98.26
sell,sz.000528,2024-12-11,6565,,11.09,91.01
buy,sh.688297,2024-12-11,1639,45.57,45.38,18.59
buy,sh.688615,2024-12-11,604,123.7,120.56,18.2
sell,sh.688520,2024-12-12,1882,,39.16,92.12
sell,sh.688615,2024-12-12,604,,119.37,90.12
buy,sh.688027,2024-12-12,214,351.0,339.5,18.16
buy,sh.688220,2024-12-12,1570,48.05,47.22,18.53
buy,sz.002414,2024-12-12,9325,8.09,8.09,18.86
sell,sz.002153,2024-12-13,8941,,8.37,93.55
buy,sh.600435,2024-12-13,6803,11.18,10.91,18.56
buy,sh.600606,2024-12-13,29033,2.62,2.5,18.15
buy,sh.688520,2024-12-13,1936,39.29,38.8,18.78
buy,sz.000997,2024-12-13,3502,21.72,21.36,18.7
sell,sh.688172,2024-12-16,2918,,21.68,79.08
sell,sz.000997,2024-12-16,3502,,21.42,93.77
buy,sz.002065,2024-12-16,9193,8.23,8.11,18.64
buy,sz.002153,2024-12-16,9165,8.25,8.22,18.83
buy,sz.300496,2024-12-16,1143,66.11,65.34,18.67
sell,sh.601615,2024-12-17,5338,,13.26,88.48
sell,sh.688027,2024-12-17,214,,315.1,84.29
sell,sz.002065,2024-12-17,9193,,7.75,89.06
sell,sh.688297,2024-12-18,1639,,41.6,85.23
sell,sz.002414,2024-12-18,9325,,7.88,91.85
sell,sz.002670,2024-12-18,6200,,14.83,114.93
buy,sh.688027,2024-12-19,215,335.67,333.14,17.91
buy,sz.002414,2024-12-19,9044,8.01,7.9,17.86
buy,sz.002670,2024-12-19,4992,14.51,14.39,17.96
sell,sh.688027,2024-12-20,215,,322.28,86.61
buy,sh.603077,2024-12-20,32964,2.21,2.21,18.21
sell,sh.600606,2024-12-23,29033,,2.24,81.29
buy,sh.688027,2024-12-23,223,326.23,323.79,18.05
sell,sh.688027,2024-12-24,223,,309.96,86.4
sell,sh.603077,2024-12-25,32964,,2.1,86.53
sell,sh.688520,2024-12-25,1936,,37.28,90.22
sell,sz.002153,2024-12-26,9165,,7.48,85.69
sell,sz.002414,2024-12-26,9044,,7.71,87.16
sell,sh.600435,2024-12-27,6803,,9.98,84.87
buy,sh.600483,2024-12-30,7426,9.66,9.62,17.86
buy,sh.688027,2024-12-30,220,325.0,318.06,17.49
buy,sh.688297,2024-12-30,1659,43.25,42.47,17.61
buy,sz.002608,2024-12-30,9182,7.82,7.76,17.81
sell,sh.600483,2024-12-31,7426,,9.64,89.48
sell,sh.688027,2024-12-31,220,,306.64,84.33
buy,sh.600583,2024-12-31,13348,5.35,5.33,17.79
sell,sh.600583,2025-01-02,13348,,5.21,86.93
sell,sz.002608,2025-01-02,9182,,7.43,85.28
sell,sz.002670,2025-01-02,4992,,13.36,83.37
sell,sz.300496,2025-01-02,1143,,57.19,81.71
sell,sh.688220,2025-01-03,1570,,51.54,101.15
sell,sh.688297,2025-01-03,1659,,37.94,78.68
buy,sh.688220,2025-01-06,1373,50.6,49.82,17.1
buy,sh.688183,2025-01-10,1721,40.51,40.22,17.3
sell,sh.688183,2025-01-13,1721,,38.28,82.35
buy,sh.688172,2025-01-15,3366,20.73,20.4,17.17
buy,sh.601865,2025-01-16,3399,20.42,20.42,17.35
buy,sz.300757,2025-01-17,364,189.97,189.56,17.25
sell,sh.601865,2025-01-21,3399,,19.98,84.89
buy,sh.688520,2025-01-21,1905,36.41,36.38,17.33
buy,sz.002670,2025-01-21,5098,13.61,13.54,17.26
sell,sz.300757,2025-01-22,364,,193.28,87.94
buy,sh.600435,2025-01-22,7027,10.0,9.99,17.55
buy,sz.300496,2025-01-22,1230,57.13,55.8,17.16
sell,sh.688520,2025-01-23,1905,,37.45,89.18
sell,sh.688220,2025-01-27,1373,,69.78,119.76
buy,sh.600536,2025-01-27,1598,44.98,44.34,17.71
buy,sh.688561,2025-01-27,2834,25.36,25.33,17.95
buy,sz.002153,2025-01-27,10662,6.74,6.7,17.86
buy,sh.600863,2025-02-05,17858,3.98,3.96,17.68
sell,sh.600863,2025-02-06,17858,,3.93,87.73
sell,sh.688561,2025-02-06,2834,,29.94,106.06
buy,sh.688027,2025-02-07,258,288.1,286.6,18.49
buy,sh.688220,2025-02-07,918,81.01,79.0,18.13
sell,sh.600536,2025-02-10,1598,,50.8,101.47
sell,sh.688027,2025-02-10,258,,289.48,93.36
sell,sh.688220,2025-02-10,918,,77.18,88.56
buy,sh.601615,2025-02-10,6868,10.87,10.76,18.47
buy,sh.603077,2025-02-10,38078,1.96,1.96,18.66
buy,sh.688469,2025-02-10,15200,4.91,4.91,18.66
sell,sh.603077,2025-02-11,38078,,1.95,92.82
buy,sh.600536,2025-02-11,1485,50.74,49.72,18.46
buy,sh.600606,2025-02-11,38459,1.96,1.94,18.65
buy,sh.603858,2025-02-11,5082,14.83,14.75,18.74
buy,sh.688027,2025-02-11,260,289.02,288.49,18.75
buy,sz.002080,2025-02-11,6128,12.3,12.22,18.72
sell,sh.688027,2025-02-12,260,,286.29,93.04
buy,sz.002414,2025-02-12,10285,7.25,7.22,18.56
sell,sh.688172,2025-02-13,3366,,20.91,87.98
sell,sz.300496,2025-02-13,1230,,67.39,103.61
buy,sh.688027,2025-02-13,264,286.86,283.25,18.69
buy,sh.688220,2025-02-13,919,82.41,78.98,18.15
buy,sz.000528,2025-02-13,6837,11.08,10.96,18.73
buy,sz.000958,2025-02-13,12311,6.15,6.11,18.81
sell,sz.000528,2025-02-14,6837,,10.9,93.15
sell,sz.000958,2025-02-14,12311,,6.01,92.49
sell,sz.002080,2025-02-14,6128,,12.2,93.45
sell,sz.002670,2025-02-14,5098,,14.38,91.64
buy,sh.688172,2025-02-14,3655,20.54,20.54,18.77
sell,sh.603858,2025-02-17,5082,,14.92,94.78
buy,sh.688297,2025-02-17,1879,40.11,39.28,18.45
buy,sz.000050,2025-02-17,8239,9.15,9.14,18.83
sell,sh.688220,2025-02-18,919,,70.78,81.31
buy,sh.600369,2025-02-18,16653,4.52,4.44,18.48
sell,sh.600369,2025-02-19,16653,,4.42,92.01
sell,sh.600435,2025-02-20,7027,,10.63,93.37
sell,sh.600536,2025-02-20,1485,,51.64,95.86
sell,sh.600606,2025-02-20,38459,,1.91,91.82
sell,sh.601615,2025-02-20,6868,,10.48,89.97
sell,sh.688027,2025-02-20,264,,292.0,96.36
sell,sh.688172,2025-02-20,3655,,21.58,98.59
sell,sh.688297,2025-02-20,1879,,39.66,93.15
sell,sh.688469,2025-02-20,15200,,5.12,97.28
sell,sz.002414,2025-02-20,10285,,7.9,101.56
buy,sh.600435,2025-02-21,6992,10.83,10.78,18.84
sell,sz.000050,2025-02-24,8239,,9.23,95.06
sell,sz.002153,2025-02-24,10662,,8.58,114.35
buy,sz.000739,2025-02-25,4812,15.79,15.72,18.91
buy,sz.002429,2025-02-25,14039,5.41,5.39,18.92
buy,sz.301536,2025-02-25,918,82.71,82.38,18.91
sell,sh.600435,2025-02-26,6992,,10.93,95.53
sell,sz.000739,2025-02-26,4812,,15.75,94.74
sell,sz.002429,2025-02-26,14039,,5.44,95.47
buy,sh.600879,2025-02-26,8096,9.39,9.36,18.94
sell,sh.600879,2025-02-27,8096,,9.24,93.51
buy,sh.600820,2025-02-27,12669,6.01,5.98,18.94
buy,sz.300718,2025-02-27,718,106.12,102.79,18.45
sell,sz.300718,2025-02-28,718,,98.54,88.44
sell,sz.301536,2025-02-28,918,,76.22,87.46
buy,sh.601099,2025-02-28,18302,4.14,4.07,18.62
buy,sh.603806,2025-02-28,5109,14.83,14.68,18.75
sell,sh.601099,2025-03-03,18302,,3.99,91.28
buy,sz.000703,2025-03-03,12145,6.19,6.18,18.76
sell,sh.600820,2025-03-04,12669,,5.88,93.12
sell,sh.603806,2025-03-04,5109,,14.83,94.71
sell,sz.000703,2025-03-04,12145,,6.02,91.39
buy,sh.600032,2025-03-04,10098,7.44,7.42,18.73
buy,sh.600143,2025-03-04,6251,12.02,12.01,18.77
buy,sh.601198,2025-03-04,6568,11.44,11.44,18.78
buy,sh.601611,2025-03-04,8618,8.72,8.7,18.74
buy,sz.000629,2025-03-04,25821,2.91,2.91,18.78
buy,sz.002340,2025-03-04,10946,6.86,6.76,18.5
buy,sz.002673,2025-03-04,9434,7.96,7.94,18.73
sell,sh.600032,2025-03-05,10098,,7.28,91.89
sell,sh.600143,2025-03-05,6251,,12.1,94.55
sell,sh.601198,2025-03-05,6568,,11.41,93.68
sell,sz.000629,2025-03-05,25821,,2.9,93.6
sell,sz.002340,2025-03-05,10946,,6.71,91.81
sell,sz.002673,2025-03-05,9434,,7.92,93.4
sell,sh.601611,2025-03-06,8618,,8.83,95.12
buy,sh.600801,2025-03-06,6429,11.67,11.67,18.76
buy,sz.000429,2025-03-06,5428,13.83,13.54,18.37
buy,sz.000729,2025-03-06,6549,11.46,11.44,18.73
buy,sz.000739,2025-03-06,4532,16.56,16.35,18.52
buy,sz.000932,2025-03-06,15239,4.93,4.9,18.67
buy,sh.601555,2025-03-07,9624,7.78,7.72,18.57
buy,sz.002244,2025-03-07,6849,10.94,10.92,18.7
buy,sz.002340,2025-03-07,11009,6.81,6.79,18.69
buy,sz.002673,2025-03-07,9223,8.12,8.01,18.47
buy,sz.300718,2025-03-07,695,107.78,105.29,18.29
buy,sz.000629,2025-03-10,25327,2.96,2.96,18.74
buy,sz.002966,2025-03-10,10268,7.3,7.24,18.59
sell,sz.000429,2025-03-11,5428,,12.78,86.71
sell,sz.000729,2025-03-11,6549,,11.55,94.55
sell,sz.000739,2025-03-11,4532,,15.32,86.79
sell,sz.002244,2025-03-11,6849,,10.47,89.64
buy,sh.601611,2025-03-11,8572,8.7,8.66,18.56
sell,sh.600801,2025-03-12,6429,,12.03,96.68
sell,sh.601555,2025-03-12,9624,,7.73,92.99
sell,sh.601611,2025-03-12,8572,,8.75,93.76
sell,sz.000629,2025-03-12,25327,,3.03,95.93
sell,sz.000932,2025-03-12,15239,,5.05,96.2
sell,sz.002340,2025-03-12,11009,,6.86,94.4
sell,sz.002673,2025-03-12,9223,,8.07,93.04
sell,sz.002966,2025-03-12,10268,,7.35,94.34
sell,sz.300718,2025-03-12,695,,100.53,87.34
buy,sz.002430,2025-03-12,3643,20.54,20.4,18.58
buy,sh.600497,2025-03-13,12990,5.74,5.72,18.58
buy,sz.002152,2025-03-13,5264,14.16,14.02,18.45
sell,sh.600497,2025-03-14,12990,,5.82,94.5
sell,sz.002152,2025-03-14,5264,,13.87,91.26
buy,sh.600032,2025-03-14,9860,7.55,7.54,18.59
buy,sh.600820,2025-03-14,12298,6.05,6.04,18.57
sell,sz.002430,2025-03-17,3643,,20.53,93.49
buy,sh.600390,2025-03-17,12336,6.05,6.04,18.63
buy,sh.600906,2025-03-17,10974,6.8,6.78,18.6
buy,sh.601108,2025-03-17,9334,8.0,7.97,18.6
buy,sz.000750,2025-03-17,17825,4.19,4.18,18.63
sell,sh.600032,2025-03-18,9860,,7.53,92.81
sell,sh.601108,2025-03-18,9334,,7.98,93.11
buy,sh.600483,2025-03-18,8465,8.82,8.79,18.6
buy,sh.600968,2025-03-18,19950,3.74,3.74,18.65
buy,sz.000883,2025-03-18,15933,4.68,4.67,18.6
buy,sz.300496,2025-03-18,1123,66.45,66.02,18.54
sell,sz.000883,2025-03-19,15933,,4.7,93.61
sell,sh.600483,2025-03-20,8465,,8.81,93.22
sell,sh.600820,2025-03-20,12298,,6.11,93.93
sell,sh.600906,2025-03-20,10974,,6.92,94.93
sell,sh.600968,2025-03-20,19950,,3.79,94.51
buy,sz.000987,2025-03-20,11692,6.38,6.33,18.5
buy,sz.002265,2025-03-20,2935,25.41,25.4,18.64
sell,sz.002265,2025-03-21,2935,,25.13,92.2
buy,sh.601108,2025-03-21,9401,7.92,7.88,18.52
sell,sh.600390,2025-03-24,12336,,5.8,89.44
sell,sh.601108,2025-03-24,9401,,7.78,91.42
sell,sz.000750,2025-03-24,17825,,4.03,89.79
sell,sz.000987,2025-03-24,11692,,6.16,90.03
sell,sz.300496,2025-03-24,1123,,60.41,84.8
buy,sz.002670,2025-03-24,5223,14.17,13.67,17.85
sell,sz.002670,2025-03-25,5223,,13.46,87.88
buy,sz.000723,2025-03-26,15068,4.89,4.82,18.16
buy,sz.002153,2025-03-27,9027,8.16,8.15,18.39
buy,sh.600606,2025-03-28,39322,1.87,1.87,18.38
buy,sz.301301,2025-03-31,5775,12.7,12.46,17.99
sell,sh.600606,2025-04-02,39322,,1.82,89.46
sell,sz.002153,2025-04-02,9027,,7.82,88.24
sell,sz.301301,2025-04-02,5775,,12.87,92.91
buy,sh.600499,2025-04-07,8632,8.48,7.89,17.03
buy,sh.600801,2025-04-07,5467,13.39,12.86,17.58
buy,sh.600927,2025-04-07,5542,13.21,12.34,17.1
buy,sz.000958,2025-04-07,9813,7.46,7.26,17.81
buy,sz.002926,2025-04-07,8369,8.75,8.15,17.05
sell,sh.600499,2025-04-08,8632,,7.37,79.52
sell,sh.600801,2025-04-08,5467,,13.02,88.98
sell,sh.600927,2025-04-08,5542,,11.77,81.54
sell,sz.000723,2025-04-08,15068,,4.11,77.41
sell,sz.000958,2025-04-08,9813,,7.08,86.85
sell,sz.002926,2025-04-08,8369,,7.77,81.28
buy,sh.600032,2025-04-09,7994,9.0,8.45,16.89
sell,sh.600032,2025-04-10,7994,,8.49,84.84
buy,sz.000997,2025-04-11,2493,28.86,28.74,17.91
buy,sz.300373,2025-04-15,1585,45.26,44.89,17.79
sell,sz.000997,2025-04-16,2493,,26.93,83.92
sell,sz.300373,2025-04-16,1585,,45.2,89.55
buy,sh.688180,2025-04-16,2391,29.96,29.36,17.55
buy,sz.300757,2025-04-16,408,175.57,172.96,17.64
buy,sh.600536,2025-04-18,1532,46.5,45.75,17.52
buy,sh.688220,2025-04-18,780,91.26,89.62,17.48
buy,sz.002153,2025-04-18,8553,8.33,8.15,17.43
sell,sz.300757,2025-04-21,408,,148.62,75.8
buy,sh.600606,2025-04-21,38201,1.86,1.84,17.57
buy,sh.600435,2025-04-22,6355,11.24,11.15,17.71
buy,sh.688027,2025-04-22,282,253.15,244.02,17.2
buy,sz.002261,2025-04-22,2365,30.2,29.3,17.32
buy,sh.688172,2025-04-24,3777,18.87,18.64,17.6
buy,sz.002265,2025-04-24,3407,20.92,20.42,17.39
buy,sz.300496,2025-04-24,1341,53.15,52.94,17.75
sell,sz.002265,2025-04-25,3407,,20.09,85.56
sell,sz.300496,2025-04-25,1341,,52.99,88.82
buy,sh.603858,2025-04-25,4815,14.68,14.64,17.62
sell,sh.603858,2025-04-28,4815,,15.78,94.98
sell,sz.002153,2025-04-28,8553,,7.96,85.1
buy,sh.688538,2025-04-28,32668,2.17,2.16,17.64
buy,sz.002065,2025-04-28,7355,9.64,9.61,17.67
sell,sz.002065,2025-04-29,7355,,9.5,87.34
buy,sh.688322,2025-04-29,1174,60.33,58.1,17.05
sell,sh.688538,2025-04-30,32668,,2.18,89.02
buy,sz.002065,2025-04-30,7366,9.65,9.63,17.73
sell,sh.688172,2025-05-06,3777,,18.8,88.76
sell,sh.688180,2025-05-06,2391,,30.18,90.2
sell,sh.688220,2025-05-06,780,,97.15,94.72
sell,sh.688322,2025-05-06,1174,,60.11,88.21
sell,sz.002065,2025-05-06,7366,,9.97,91.8
sell,sz.002261,2025-05-06,2365,,34.5,101.99
buy,sh.688220,2025-05-07,761,95.84,92.46,17.59
buy,sh.688561,2025-05-07,2276,32.04,32.01,18.21
buy,sz.002153,2025-05-07,8714,8.37,8.33,18.15
sell,sh.600435,2025-05-08,6355,,11.75,93.34
sell,sh.688220,2025-05-08,761,,88.31,84.0
buy,sh.600655,2025-05-08,13239,5.49,5.46,18.07
buy,sh.601212,2025-05-08,25789,2.82,2.81,18.12
buy,sz.000519,2025-05-08,4031,18.04,17.83,17.97
sell,sh.600655,2025-05-09,13239,,5.4,89.36
buy,sh.688172,2025-05-09,3688,19.7,19.45,17.93
buy,sh.688297,2025-05-09,1521,47.77,46.03,17.5
buy,sh.688469,2025-05-09,15235,4.77,4.73,18.02
buy,sz.000629,2025-05-09,27319,2.66,2.65,18.1
buy,sz.002414,2025-05-09,8430,8.62,8.59,18.1
sell,sh.688172,2025-05-12,3688,,19.5,89.9
sell,sh.688561,2025-05-12,2276,,31.56,89.79
sell,sz.000629,2025-05-12,27319,,2.64,90.15
sell,sz.002414,2025-05-12,8430,,8.68,91.47
buy,sh.688192,2025-05-12,1272,56.38,53.29,16.95
sell,sh.601212,2025-05-13,25789,,2.8,90.26
sell,sh.688027,2025-05-13,282,,252.15,88.88
sell,sh.600536,2025-05-14,1532,,45.5,87.13
buy,sh.688322,2025-05-14,1252,57.9,57.43,17.98
buy,sh.688561,2025-05-14,2269,31.95,31.88,18.08
buy,sz.002261,2025-05-14,2096,34.59,34.25,17.95
buy,sz.002414,2025-05-14,8393,8.64,8.59,18.02
sell,sh.600606,2025-05-15,38201,,1.74,83.09
buy,sh.688027,2025-05-15,291,248.31,245.79,17.88
buy,sh.688172,2025-05-15,3740,19.35,19.26,18.01
buy,sz.002624,2025-05-15,5464,13.25,12.9,17.62
buy,sz.300339,2025-05-15,1278,56.62,55.66,17.78
sell,sh.688027,2025-05-20,291,,244.19,88.82
sell,sh.688192,2025-05-20,1272,,57.21,90.96
sell,sh.688297,2025-05-20,1521,,46.15,87.74
sell,sz.002414,2025-05-20,8393,,8.57,89.91
sell,sz.300339,2025-05-20,1278,,53.72,85.82
sell,sh.688469,2025-05-21,15235,,4.89,93.12
buy,sh.600655,2025-05-21,12903,5.54,5.54,17.87
sell,sz.002261,2025-05-22,2096,,31.29,81.98
buy,sh.600637,2025-05-22,9932,7.19,7.16,17.78
buy,sh.603858,2025-05-22,4519,15.8,15.74,17.78
buy,sz.002926,2025-05-22,8613,8.29,8.24,17.74
buy,sz.300339,2025-05-22,1314,54.34,53.25,17.49
sell,sh.600637,2025-05-23,9932,,7.1,88.15
sell,sz.002926,2025-05-23,8613,,8.19,88.18
sell,sh.603858,2025-05-26,4519,,15.73,88.85
sell,sz.002153,2025-05-26,8714,,7.77,84.63
buy,sh.688027,2025-05-26,288,244.39,241.2,17.37
sell,sh.600655,2025-05-27,12903,,5.45,87.9
buy,sz.000958,2025-05-27,9381,7.53,7.31,17.14
buy,sz.002603,2025-05-27,4957,14.24,14.24,17.65
sell,sh.688027,2025-05-28,288,,252.5,90.9
buy,sh.600699,2025-05-28,3861,18.25,18.24,17.61
buy,sh.603858,2025-05-28,4429,15.91,15.88,17.58
buy,sh.688336,2025-05-28,1198,58.79,57.54,17.23
sell,sh.688561,2025-05-29,2269,,29.8,84.52
sell,sz.000519,2025-05-29,4031,,16.45,82.89
buy,sh.601866,2025-05-29,27505,2.54,2.52,17.33
sell,sh.688322,2025-05-30,1252,,51.9,81.22
sell,sz.300339,2025-05-30,1314,,50.56,83.04
buy,sz.002153,2025-05-30,8723,8.15,8.12,17.71
buy,sz.002414,2025-05-30,7998,8.89,8.82,17.64
sell,sh.603858,2025-06-03,4429,,16.38,90.68
sell,sz.000958,2025-06-03,9381,,6.88,80.68
sell,sz.002153,2025-06-03,8723,,8.16,88.97
sell,sh.601866,2025-06-04,27505,,2.45,84.23
buy,sh.688027,2025-06-04,269,262.5,260.56,17.52
buy,sz.000997,2025-06-04,2361,29.95,29.53,17.43
buy,sz.301301,2025-06-04,5503,12.86,12.78,17.58
sell,sh.600699,2025-06-05,3861,,17.74,85.62
sell,sh.688336,2025-06-05,1198,,61.63,92.29
sell,sz.000997,2025-06-05,2361,,29.81,87.98
sell,sz.002414,2025-06-05,7998,,8.56,85.58
sell,sz.301301,2025-06-05,5503,,12.68,87.22
buy,sh.688297,2025-06-05,1513,46.89,46.32,17.52
sell,sh.688172,2025-06-06,3740,,18.78,87.8
sell,sz.002624,2025-06-06,5464,,14.47,98.83
buy,sz.002261,2025-06-06,2225,31.9,31.36,17.44
buy,sh.600606,2025-06-09,41514,1.71,1.7,17.64
buy,sh.600655,2025-06-09,12900,5.5,5.49,17.71
buy,sh.688561,2025-06-09,2195,32.33,32.22,17.68
buy,sh.600536,2025-06-10,1570,45.36,44.84,17.6
buy,sh.688220,2025-06-10,880,80.92,78.04,17.17
buy,sh.688520,2025-06-10,1502,47.4,47.04,17.66
buy,sz.300757,2025-06-10,493,144.43,141.65,17.46
sell,sh.688520,2025-06-11,1502,,47.56,89.29
sell,sh.600536,2025-06-12,1570,,44.58,87.49
sell,sz.002261,2025-06-13,2225,,29.52,82.1
sell,sh.600655,2025-06-16,12900,,5.68,91.59
sell,sh.688027,2025-06-16,269,,276.6,93.01
sell,sz.300757,2025-06-16,493,,134.76,83.05
buy,sh.601212,2025-06-16,22670,3.12,3.1,17.57
buy,sz.000519,2025-06-16,4088,17.3,17.16,17.54
buy,sz.002414,2025-06-16,7965,8.88,8.86,17.64
sell,sz.002603,2025-06-17,4957,,14.21,88.05
buy,sh.600655,2025-06-17,12526,5.65,5.61,17.57
sell,sz.002414,2025-06-18,7965,,9.09,90.5
buy,sh.688538,2025-06-18,29586,2.39,2.38,17.6
buy,sh.688027,2025-06-19,251,282.3,277.15,17.39
buy,sh.688183,2025-06-19,1423,49.83,48.97,17.42
buy,sz.002153,2025-06-19,8248,8.6,8.49,17.51
sell,sh.600606,2025-06-20,41514,,1.6,83.03
buy,sh.600536,2025-06-20,1539,45.65,44.95,17.29
buy,sz.002414,2025-06-20,7983,8.8,8.68,17.32
sell,sh.600536,2025-06-23,1539,,45.42,87.38
sell,sh.600655,2025-06-23,12526,,5.4,84.55
sell,sh.688027,2025-06-23,251,,269.63,84.6
sell,sh.688183,2025-06-23,1423,,45.91,81.66
sell,sh.688220,2025-06-23,880,,70.33,77.36
sell,sz.000519,2025-06-23,4088,,18.33,93.67
sell,sz.002153,2025-06-23,8248,,8.24,84.95
sell,sz.002414,2025-06-23,7983,,8.75,87.31
sell,sh.688297,2025-06-24,1513,,45.96,86.92
sell,sh.688538,2025-06-24,29586,,2.37,87.65
buy,sz.000519,2025-06-24,3824,18.24,17.43,16.66
buy,sh.688520,2025-06-25,1202,58.0,57.24,17.2
sell,sh.601212,2025-06-26,22670,,3.04,86.15
buy,sh.603000,2025-06-26,3527,19.89,19.88,17.53
buy,sh.688027,2025-06-26,251,279.38,278.8,17.49
buy,sh.688172,2025-06-26,3689,19.02,19.01,17.53
buy,sz.300339,2025-06-26,1352,51.9,51.65,17.46
sell,sh.688520,2025-06-27,1202,,59.02,88.68
sell,sz.300339,2025-06-27,1352,,51.16,86.46
buy,sz.002153,2025-06-27,8042,8.76,8.73,17.55
sell,sh.688561,2025-06-30,2195,,33.92,93.07
sell,sz.002153,2025-06-30,8042,,8.68,87.26
buy,sh.600655,2025-06-30,12557,5.61,5.58,17.52
sell,sh.603000,2025-07-01,3527,,19.98,88.09
buy,sh.688220,2025-07-01,909,78.3,77.45,17.6
buy,sh.688561,2025-07-01,2095,33.98,33.73,17.67
buy,sz.002414,2025-07-01,6945,10.25,10.12,17.57
buy,sz.002508,2025-07-01,3839,18.54,18.48,17.74
sell,sh.600655,2025-07-02,12557,,5.52,86.64
sell,sz.002508,2025-07-02,3839,,18.51,88.82
buy,sh.600032,2025-07-02,9422,7.57,7.56,17.81
buy,sh.600435,2025-07-02,4754,15.0,14.47,17.2
buy,sh.600536,2025-07-02,1542,46.25,45.7,17.62
buy,sh.688297,2025-07-02,1366,52.2,51.68,17.65
buy,sh.688520,2025-07-02,1134,62.86,62.09,17.6
buy,sz.002261,2025-07-02,2299,31.01,30.32,17.43
buy,sz.300339,2025-07-02,1396,51.08,50.11,17.49
buy,sz.300757,2025-07-02,475,149.98,145.55,17.28
sell,sh.600032,2025-07-03,9422,,7.53,88.68
sell,sh.688520,2025-07-03,1134,,67.67,95.92
buy,sh.688322,2025-07-03,1156,60.57,58.64,16.95
buy,sh.688520,2025-07-08,847,82.21,81.09,17.17
buy,sz.002153,2025-07-08,7471,9.32,9.21,17.2
sell,sh.688520,2025-07-10,847,,75.69,80.14
sell,sz.002414,2025-07-11,6945,,10.54,91.5
sell,sz.000519,2025-07-15,3824,,20.14,96.27
sell,sz.002153,2025-07-15,7471,,10.72,100.11
buy,sh.600032,2025-07-15,9201,7.81,7.71,17.73
buy,sz.000032,2025-07-15,3427,20.96,20.76,17.79
sell,sh.600032,2025-07-16,9201,,7.63,87.75
sell,sz.000032,2025-07-16,3427,,21.2,90.82
buy,sh.600606,2025-07-16,31621,2.28,2.12,16.76
buy,sz.000519,2025-07-16,3578,20.15,19.99,17.88
buy,sz.002153,2025-07-16,6602,10.92,10.42,17.2
sell,sh.688027,2025-07-17,251,,270.68,84.93
sell,sh.688172,2025-07-17,3689,,18.7,86.23
buy,sz.000723,2025-07-17,15659,4.61,4.61,18.05
buy,sh.688520,2025-07-18,859,85.63,83.98,18.03
sell,sh.688520,2025-07-21,859,,81.84,87.88
sell,sz.002153,2025-07-21,6602,,10.62,87.64
buy,sz.300454,2025-07-21,717,103.0,102.76,18.42
sell,sh.688220,2025-07-22,909,,75.08,85.31
sell,sh.688561,2025-07-22,2095,,33.97,88.96
sell,sz.300454,2025-07-22,717,,102.09,91.5
buy,sh.688520,2025-07-22,902,82.6,81.36,18.35
buy,sz.002153,2025-07-22,6960,10.71,10.38,18.06
sell,sh.600435,2025-07-23,4754,,15.0,89.14
sell,sh.600536,2025-07-23,1542,,46.74,90.09
sell,sh.688297,2025-07-23,1366,,54.7,93.4
sell,sz.300339,2025-07-23,1396,,52.99,92.47
sell,sz.300757,2025-07-23,475,,174.13,103.39
sell,sh.688520,2025-07-23,902,,78.6,88.62
sell,sz.002261,2025-07-23,2299,,31.14,89.49
buy,sh.688220,2025-07-23,992,74.95,74.68,18.52
buy,sh.688561,2025-07-23,2186,34.0,33.95,18.55
buy,sz.002414,2025-07-23,6929,10.73,10.62,18.4
sell,sh.688322,2025-07-24,1156,,69.31,100.15
sell,sh.600606,2025-07-24,31621,,1.96,77.47
buy,sz.300757,2025-07-24,407,181.27,180.17,18.33
buy,sh.600008,2025-07-25,23708,3.14,3.12,18.49
buy,sh.600435,2025-07-25,4693,15.85,15.77,18.5
buy,sh.600511,2025-07-25,2464,30.19,30.17,18.58
buy,sh.600606,2025-07-25,37386,1.99,1.97,18.41
buy,sh.688297,2025-07-25,1317,56.49,55.84,18.39
sell,sh.600008,2025-07-28,23708,,3.09,91.57
sell,sh.600511,2025-07-28,2464,,29.94,92.22
buy,sh.688027,2025-07-28,272,274.42,273.46,18.6
buy,sh.688172,2025-07-28,3755,19.93,19.92,18.7
buy,sh.603077,2025-07-29,38477,1.96,1.94,18.66
buy,sz.002065,2025-07-29,7847,9.61,9.48,18.6
buy,sz.002261,2025-07-29,2065,32.77,32.5,16.78
sell,sh.603077,2025-07-30,38477,,1.96,94.27
sell,sz.002065,2025-07-30,7847,,9.43,92.5
buy,sh.600536,2025-07-30,1601,48.09,47.56,19.04
buy,sz.300339,2025-07-30,1368,54.42,53.38,18.26
sell,sz.000723,2025-07-31,15659,,4.6,90.04
buy,sh.603077,2025-07-31,37879,1.94,1.9,17.99
sell,sh.688172,2025-08-01,3755,,19.52,91.62
buy,sh.600699,2025-08-01,3997,18.33,18.31,18.3
sell,sh.600435,2025-08-04,4693,,16.88,99.02
sell,sh.600536,2025-08-04,1601,,47.28,94.62
sell,sh.600699,2025-08-04,3997,,18.06,90.23
sell,sh.688027,2025-08-04,272,,268.6,91.32
sell,sh.688220,2025-08-04,992,,89.14,110.53
sell,sh.688297,2025-08-04,1317,,57.38,94.46
sell,sh.688561,2025-08-04,2186,,36.61,100.04
sell,sz.002261,2025-08-04,2065,,31.76,81.98
sell,sz.002414,2025-08-04,6929,,11.38,98.57
sell,sz.300339,2025-08-04,1368,,52.46,89.71
sell,sz.300757,2025-08-04,407,,174.48,88.77
buy,sh.688220,2025-08-05,820,91.0,89.68,18.38
buy,sh.688561,2025-08-05,2034,36.72,36.29,18.45
buy,sz.002261,2025-08-05,2330,32.06,31.85,18.55
buy,sz.300757,2025-08-05,424,175.88,174.22,18.47
sell,sz.000519,2025-08-06,3578,,22.51,100.68
sell,sh.688561,2025-08-06,2034,,36.34,92.39
sell,sz.002261,2025-08-06,2330,,32.34,94.19
sell,sz.300757,2025-08-07,424,,176.31,93.44
buy,sh.688297,2025-08-07,1248,60.02,59.45,18.55
buy,sh.688561,2025-08-07,2060,36.38,36.17,18.63
buy,sz.000519,2025-08-07,3245,23.09,22.6,18.33
buy,sz.000825,2025-08-07,17593,4.26,4.22,18.56
buy,sz.300339,2025-08-07,1374,54.51,54.32,18.66
buy,sh.688172,2025-08-08,3662,20.47,20.22,18.51
buy,sz.300757,2025-08-08,428,175.12,171.63,18.36
sell,sh.688172,2025-08-11,3662,,20.15,92.24
sell,sz.002153,2025-08-12,6960,,10.3,89.61
sell,sh.603077,2025-08-12,37879,,1.9,89.96
sell,sh.688297,2025-08-12,1248,,57.14,89.14
sell,sh.688561,2025-08-12,2060,,35.1,90.38
sell,sz.000825,2025-08-12,17593,,4.26,93.68
sell,sh.688220,2025-08-13,820,,93.02,95.35
buy,sh.600655,2025-08-13,12779,5.85,5.82,18.59
buy,sh.603077,2025-08-13,39555,1.89,1.89,18.69
buy,sh.688027,2025-08-14,259,292.6,292.1,18.91
buy,sh.688220,2025-08-14,813,93.5,92.74,18.85
buy,sz.002414,2025-08-14,5894,12.9,12.7,18.71
sell,sh.600606,2025-08-15,37386,,1.88,87.86
sell,sh.600655,2025-08-15,12779,,5.77,92.17
buy,sh.600435,2025-08-15,4509,16.7,16.34,18.42
buy,sz.002153,2025-08-15,7193,10.47,10.31,18.54
sell,sh.600435,2025-08-18,4509,,16.64,93.79
buy,sh.600563,2025-08-18,640,117.89,115.7,18.51
sell,sh.600563,2025-08-19,640,,117.23,93.78
sell,sz.002153,2025-08-19,7193,,10.68,96.03
buy,sh.600435,2025-08-19,4528,16.93,16.77,18.98
buy,sh.688172,2025-08-19,3679,20.84,20.83,19.16
buy,sh.688538,2025-08-19,29042,2.64,2.64,19.17
buy,sz.000958,2025-08-19,11056,6.93,6.88,19.02
sell,sz.300757,2025-08-20,428,,200.13,107.07
buy,sh.688065,2025-08-20,1512,50.89,50.38,19.04
buy,sz.002153,2025-08-20,7184,10.71,10.54,18.93
sell,sh.688065,2025-08-21,1512,,50.78,95.97
sell,sz.002153,2025-08-21,7184,,11.07,99.41
buy,sz.000723,2025-08-21,16479,4.7,4.7,19.36
sell,sz.000958,2025-08-22,11056,,6.84,94.53
buy,sh.600606,2025-08-22,40049,1.94,1.92,19.22
sell,sh.600435,2025-08-25,4528,,16.5,93.39
sell,sh.600606,2025-08-25,40049,,2.04,102.12
sell,sz.000723,2025-08-25,16479,,4.74,97.64
buy,sz.002153,2025-08-25,6963,11.36,11.2,19.5
sell,sh.603077,2025-08-26,39555,,1.96,96.91
buy,sh.688297,2025-08-26,1327,59.83,58.5,19.41
buy,sz.000825,2025-08-26,18827,4.22,4.19,19.72
buy,sh.600606,2025-08-27,39833,1.99,1.96,19.52
buy,sz.002624,2025-08-27,4842,16.37,16.37,19.82
sell,sz.000519,2025-08-28,3245,,20.52,83.23
sell,sz.300339,2025-08-28,1374,,67.36,115.69
sell,sz.000825,2025-08-28,18827,,4.04,95.08
buy,sz.002244,2025-08-28,7642,10.27,10.24,19.56
buy,sz.300757,2025-08-28,295,265.77,264.5,19.51
sell,sz.002244,2025-08-29,7642,,10.57,100.97
buy,sh.600536,2025-08-29,1472,53.84,53.53,19.7
buy,sh.688561,2025-08-29,1822,43.52,41.02,18.68
buy,sz.002261,2025-08-29,1798,44.1,42.76,19.22
buy,sz.300339,2025-09-02,1188,66.31,63.22,18.78
sell,sh.688538,2025-09-03,29042,,2.73,99.11
sell,sz.002261,2025-09-03,1798,,37.05,83.27
sell,sz.300757,2025-09-03,295,,240.54,88.7
sell,sh.688027,2025-09-04,259,,284.67,92.16
sell,sh.600536,2025-09-04,1472,,47.87,88.08
sell,sh.688220,2025-09-04,813,,92.22,93.72
sell,sh.688297,2025-09-04,1327,,47.8,79.29
sell,sh.688561,2025-09-04,1822,,37.39,85.16
sell,sz.002153,2025-09-04,6963,,10.06,87.56
sell,sz.002414,2025-09-04,5894,,10.98,80.9
buy,sz.002261,2025-09-04,2020,36.33,35.14,17.75
sell,sz.002261,2025-09-05,2020,,34.94,88.22
sell,sz.002624,2025-09-05,4842,,15.44,93.45
sell,sz.300339,2025-09-05,1188,,57.7,85.68
buy,sh.688561,2025-09-05,1931,37.13,37.11,17.91
buy,sh.601865,2025-09-08,3735,19.35,19.2,17.93
sell,sh.688172,2025-09-09,3679,,21.72,99.88
sell,sh.600606,2025-09-09,39833,,1.85,92.11
buy,sh.600863,2025-09-09,17555,4.12,4.12,18.08
buy,sz.000883,2025-09-09,15689,4.61,4.61,18.08
sell,sz.000883,2025-09-10,15689,,4.62,90.6
buy,sz.002153,2025-09-10,6439,11.2,10.82,17.42
sell,sz.002153,2025-09-12,6439,,10.92,87.89
buy,sz.000883,2025-09-12,15516,4.65,4.65,18.04
sell,sh.600863,2025-09-15,17555,,4.15,91.07
sell,sz.000883,2025-09-15,15516,,4.7,91.16
buy,sh.688220,2025-09-15,679,106.0,104.44,17.73
buy,sh.601965,2025-09-16,3893,18.46,18.21,17.72
buy,sz.000958,2025-09-16,10497,6.85,6.82,17.9
sell,sh.601965,2025-09-17,3893,,18.1,88.08
buy,sh.688027,2025-09-17,219,327.82,323.78,17.73
buy,sh.688172,2025-09-17,3156,22.79,22.76,17.96
buy,sh.688234,2025-09-17,818,87.9,85.85,17.56
buy,sz.002261,2025-09-17,1835,39.18,38.52,17.67
sell,sz.000958,2025-09-18,10497,,6.75,88.57
buy,sh.600109,2025-09-18,7052,10.2,10.0,17.63
buy,sz.002673,2025-09-18,8139,8.84,8.65,17.6
sell,sh.600109,2025-09-19,7052,,9.86,86.92
sell,sz.002673,2025-09-19,8139,,8.53,86.78
buy,sz.002065,2025-09-19,6799,10.58,10.46,17.78
sell,sh.688234,2025-09-22,818,,85.95,87.88
sell,sz.002065,2025-09-22,6799,,11.14,94.68
sell,sz.002261,2025-09-22,1835,,39.65,90.95
sell,sh.601865,2025-09-23,3735,,16.9,78.9
sell,sh.688027,2025-09-23,219,,347.82,95.22
sell,sh.688220,2025-09-23,679,,105.24,89.32
buy,sz.000415,2025-09-24,19976,3.6,3.58,17.88
buy,sz.002414,2025-09-24,6003,11.98,11.92,17.89
sell,sh.688561,2025-09-26,1931,,35.59,85.91
sell,sz.000415,2025-09-26,19976,,3.52,87.89
buy,sh.688027,2025-09-26,203,355.5,352.44,17.89
buy,sh.688220,2025-09-26,658,110.0,108.74,17.89
buy,sz.002153,2025-09-26,6582,11.0,10.78,17.74
buy,sz.300757,2025-09-26,247,292.8,280.65,17.33
sell,sh.688027,2025-09-29,203,,347.84,88.26
sell,sh.688220,2025-09-29,658,,105.08,86.43
sell,sz.002153,2025-09-29,6582,,10.66,87.71
sell,sz.002414,2025-09-29,6003,,11.84,88.84
sell,sz.300757,2025-09-29,247,,270.06,83.38
buy,sh.688538,2025-09-29,24552,2.93,2.87,17.62
buy,sh.688027,2025-09-30,203,354.79,353.4,17.94
buy,sz.002153,2025-09-30,6667,10.81,10.72,17.87
sell,sh.688027,2025-10-09,203,,394.94,100.22
sell,sh.688538,2025-10-09,24552,,2.94,90.23
buy,sz.000519,2025-10-09,3947,18.34,18.17,17.93
sell,sz.002153,2025-10-10,6667,,10.96,91.34
buy,sh.601865,2025-10-10,4074,18.27,17.81,18.14
buy,sh.688027,2025-10-10,186,398.79,378.14,17.58
buy,sh.688220,2025-10-10,658,113.02,105.24,17.31
buy,sh.688297,2025-10-10,1447,51.43,51.08,18.48
buy,sh.688322,2025-10-10,827,90.0,88.93,18.39
buy,sh.688561,2025-10-10,2031,36.64,35.78,18.17
sell,sh.688322,2025-10-13,827,,80.99,83.72
buy,sh.603077,2025-10-13,32432,2.25,2.2,17.84
buy,sz.000723,2025-10-13,14712,4.96,4.91,18.06
sell,sz.000723,2025-10-14,14712,,5.08,93.42
buy,sz.000703,2025-10-14,10946,6.71,6.63,18.14
buy,sh.601212,2025-10-15,13161,5.53,5.41,17.8
buy,sz.002414,2025-10-15,5808,12.53,12.46,18.09
sell,sh.688172,2025-10-16,3156,,27.22,107.38
sell,sh.688027,2025-10-16,186,,409.05,95.1
sell,sh.688297,2025-10-16,1447,,50.15,90.71
sell,sz.000519,2025-10-16,3947,,19.05,93.99
sell,sz.002414,2025-10-16,5808,,12.64,91.77
buy,sh.688469,2025-10-16,10893,6.72,6.65,18.11
sell,sh.688220,2025-10-17,658,,94.02,77.33
buy,sh.688172,2025-10-17,2739,26.65,25.85,17.7
buy,sz.000519,2025-10-17,3873,18.85,18.54,17.95
buy,sh.600536,2025-10-20,1393,52.01,51.58,17.96
sell,sh.600536,2025-10-21,1393,,50.65,88.19
sell,sz.000519,2025-10-21,3873,,19.44,94.11
sell,sz.000703,2025-10-21,10946,,6.44,88.12
sell,sh.601865,2025-10-23,4074,,16.05,81.73
sell,sh.688469,2025-10-23,10893,,6.27,85.37
buy,sz.000415,2025-10-23,19898,3.6,3.6,17.91
buy,sh.600655,2025-10-24,12154,5.87,5.84,17.74
sell,sh.600655,2025-10-27,12154,,5.82,88.42
sell,sz.000415,2025-10-27,19898,,3.64,90.54
buy,sh.601000,2025-10-29,17909,4.01,3.99,17.86
buy,sz.000519,2025-10-29,3767,19.06,18.79,17.7
sell,sh.601000,2025-10-30,17909,,4.01,89.77
buy,sh.600536,2025-10-30,1387,52.03,51.62,17.9
buy,sh.603858,2025-10-30,3988,18.1,17.56,17.51
sell,sh.688561,2025-10-31,2031,,38.83,98.58
sell,sh.600536,2025-10-31,1387,,51.9,89.98
buy,sh.688027,2025-10-31,120,599.0,594.04,17.82
buy,sh.688297,2025-10-31,1466,49.1,48.82,17.89
buy,sz.002414,2025-10-31,5036,14.3,14.1,17.75
sell,sh.603077,2025-11-03,32432,,2.17,87.97
sell,sh.688297,2025-11-03,1466,,47.85,87.69
sell,sz.002414,2025-11-03,5036,,13.8,86.87
sell,sh.601212,2025-11-04,13161,,5.1,83.9
buy,sh.603077,2025-11-04,32679,2.19,2.17,17.73
buy,sh.688561,2025-11-04,1803,39.68,39.53,17.82
sell,sh.688172,2025-11-05,2739,,23.46,80.32
buy,sz.300339,2025-11-06,1166,60.88,60.39,17.6
sell,sh.688027,2025-11-11,120,,516.95,77.54
buy,sh.600390,2025-11-11,11904,5.96,5.94,17.68
buy,sh.688172,2025-11-11,2768,25.63,25.62,17.73
buy,sh.688027,2025-11-12,138,508.71,504.06,17.39
buy,sh.688234,2025-11-12,956,73.85,73.76,17.63
buy,sz.002340,2025-11-12,8401,8.41,8.22,17.26
sell,sh.600390,2025-11-13,11904,,5.93,88.24
sell,sh.603077,2025-11-13,32679,,2.36,96.4
sell,sz.002340,2025-11-13,8401,,8.43,88.53
buy,sh.601928,2025-11-13,6790,10.34,10.32,17.52
sell,sh.601928,2025-11-14,6790,,10.28,87.25
buy,sz.002153,2025-11-14,7029,10.1,9.86,17.33
buy,sz.002414,2025-11-14,5322,13.34,13.14,17.48
sell,sh.603858,2025-11-17,3988,,18.09,90.18
sell,sz.002414,2025-11-17,5322,,13.13,87.35
buy,sh.688297,2025-11-18,1477,48.64,47.68,17.61
sell,sz.000519,2025-11-19,3767,,18.47,86.97
sell,sh.688297,2025-11-19,1477,,48.48,89.51
buy,sh.688297,2025-11-20,1464,48.89,48.16,17.63
buy,sh.688469,2025-11-20,10388,6.89,6.88,17.87
sell,sh.688027,2025-11-21,138,,440.0,75.9
sell,sz.300339,2025-11-21,1166,,57.77,84.2
buy,sh.600606,2025-11-21,39264,1.81,1.78,17.47
buy,sh.603077,2025-11-21,30765,2.31,2.2,16.92
buy,sz.000703,2025-11-21,9656,7.36,7.2,17.38
buy,sz.000723,2025-11-21,13234,5.37,5.14,17.01
sell,sh.600606,2025-11-24,39264,,1.76,86.38
sell,sh.688172,2025-11-24,2768,,22.86,79.1
sell,sh.688297,2025-11-24,1464,,47.68,87.25
sell,sh.688469,2025-11-24,10388,,6.44,83.62
sell,sh.688561,2025-11-24,1803,,36.29,81.79
sell,sz.000703,2025-11-24,9656,,7.06,85.21
sell,sz.002153,2025-11-25,7029,,12.26,107.72
buy,sz.000519,2025-11-26,3663,19.25,18.79,17.21
buy,sh.688172,2025-12-01,2851,24.98,24.84,17.7
buy,sh.688220,2025-12-01,776,91.69,90.7,17.6
buy,sz.002080,2025-12-01,2191,32.5,32.19,17.63
sell,sh.688220,2025-12-02,776,,93.0,90.21
buy,sz.002153,2025-12-02,5993,11.99,11.6,17.38
sell,sh.688234,2025-12-03,956,,85.4,102.05
sell,sz.002080,2025-12-03,2191,,33.53,91.83
buy,sh.688220,2025-12-03,771,92.46,90.52,17.45
buy,sh.688234,2025-12-04,832,85.46,84.43,17.56
buy,sz.300757,2025-12-09,303,234.51,232.14,17.58
buy,sh.688027,2025-12-10,141,497.0,491.27,17.32
buy,sz.002414,2025-12-10,5599,12.59,12.57,17.59
sell,sh.603077,2025-12-11,30765,,2.24,86.14
sell,sz.002414,2025-12-11,5599,,12.62,88.32
buy,sz.301200,2025-12-11,618,114.01,113.0,17.46
sell,sh.688027,2025-12-12,141,,507.6,89.46
sell,sh.688172,2025-12-12,2851,,27.07,96.47
sell,sz.000723,2025-12-12,13234,,4.72,78.08
sell,sz.300757,2025-12-12,303,,219.08,82.98
sell,sz.301200,2025-12-12,618,,111.65,86.25
sell,sz.002153,2025-12-15,5993,,10.44,78.21
buy,sh.688172,2025-12-15,2470,28.8,27.6,17.04
buy,sh.688297,2025-12-16,1479,47.6,46.7,17.27
buy,sh.688469,2025-12-16,10716,6.57,6.46,17.31
buy,sz.000415,2025-12-16,18382,3.83,3.78,17.37
sell,sh.688220,2025-12-17,771,,81.51,78.56
sell,sh.688469,2025-12-17,10716,,6.42,86.0
sell,sz.000519,2025-12-17,3663,,16.86,77.2
sell,sz.000415,2025-12-18,18382,,3.97,91.22
buy,sh.688027,2025-12-18,140,500.06,499.5,17.48
buy,sz.300757,2025-12-18,329,212.78,209.26,17.21
sell,sh.688027,2025-12-22,140,,498.67,87.27
sell,sh.688172,2025-12-22,2470,,27.74,85.65
sell,sh.688234,2025-12-22,832,,85.0,88.4
sell,sh.688297,2025-12-22,1479,,46.16,85.34
sell,sz.300757,2025-12-22,329,,215.24,88.52
buy,sh.600655,2025-12-22,13046,5.36,5.32,17.35
buy,sh.601921,2025-12-22,8773,7.97,7.96,17.46
buy,sz.002773,2025-12-22,2257,30.98,30.86,17.41
sell,sh.600655,2025-12-23,13046,,5.28,86.1
sell,sz.002773,2025-12-23,2257,,30.94,87.29
buy,sh.603077,2025-12-23,31072,2.26,2.24,17.4
