date,cash,equity,margin,market_value,pnl,unrealized_pnl,fees
2023-01-03,1000000.0,1000000.0,0.0,1000000.0,0.0,0.0,0.0
2023-01-04,1000000.0,1000000.0,0.0,1000000.0,0.0,0.0,0.0
2023-01-05,1000000.0,1000000.0,0.0,1000000.0,0.0,0.0,0.0
2023-01-06,1000000.0,1000000.0,0.0,1000000.0,0.0,0.0,0.0
2023-01-09,1000000.0,1000000.0,0.0,1000000.0,0.0,0.0,0.0
2023-01-10,1000000.0,1000000.0,0.0,1000000.0,0.0,0.0,0.0
2023-01-11,1000000.0,1000000.0,0.0,1000000.0,0.0,0.0,0.0
2023-01-12,1000000.0,1000000.0,0.0,1000000.0,0.0,0.0,0.0
2023-01-13,1000000.0,1000000.0,0.0,1000000.0,0.0,0.0,0.0
2023-01-16,1000000.0,1000000.0,0.0,1000000.0,0.0,0.0,0.0
2023-01-17,1000000.0,1000000.0,0.0,1000000.0,0.0,0.0,0.0
2023-01-18,1000000.0,1000000.0,0.0,1000000.0,0.0,0.0,0.0
2023-01-19,1000000.0,1000000.0,0.0,1000000.0,0.0,0.0,0.0
2023-01-20,1000000.0,1000000.0,0.0,1000000.0,0.0,0.0,0.0
2023-01-30,1000000.0,1000000.0,0.0,1000000.0,0.0,0.0,0.0
2023-01-31,1000000.0,1000000.0,0.0,1000000.0,0.0,0.0,0.0
2023-02-01,1000000.0,1000000.0,0.0,1000000.0,0.0,0.0,0.0
2023-02-02,1000000.0,1000000.0,0.0,1000000.0,0.0,0.0,0.0
2023-02-03,1000000.0,1000000.0,0.0,1000000.0,0.0,0.0,0.0
2023-02-06,1000000.0,1000000.0,0.0,1000000.0,0.0,0.0,0.0
2023-02-07,1000000.0,1000000.0,0.0,1000000.0,0.0,0.0,0.0
2023-02-08,800810.9,999509.54,0.0,999509.54,-490.46,0.0,49.78
2023-02-09,701235.45,1001140.96,0.0,1001140.96,1140.96,0.0,74.67
2023-02-10,601196.44,1000791.64,0.0,1000791.64,791.64,0.0,99.68
2023-02-13,601670.89,1000458.27,0.0,1000458.27,458.27,0.0,248.91
2023-02-14,502564.28,1000930.02,0.0,1000930.02,930.02,0.0,273.68
2023-02-15,300839.56,996932.39,0.0,996932.39,-3067.61,0.0,470.42
2023-02-16,201868.15,992797.75,0.0,992797.75,-7202.25,0.0,495.15
2023-02-17,201868.15,988593.14,0.0,988593.14,-11406.86,0.0,495.15
2023-02-20,201868.15,998597.39,0.0,998597.39,-1402.61,0.0,495.15
2023-02-21,402433.13,1000371.47,0.0,1000371.47,371.47,0.0,746.17
2023-02-22,501558.54,999107.5,0.0,999107.5,-892.5,0.0,870.24
2023-02-23,501558.54,1001980.92,0.0,1001980.92,1980.92,0.0,870.24
2023-02-24,401700.01,1001404.67,0.0,1001404.67,1404.67,0.0,895.2
2023-02-27,401700.01,999066.26,0.0,999066.26,-933.74,0.0,895.2
2023-02-28,401700.01,1002392.94,0.0,1002392.94,2392.94,0.0,895.2
2023-03-01,401700.01,1006638.7,0.0,1006638.7,6638.7,0.0,895.2
2023-03-02,401700.01,1007230.91,0.0,1007230.91,7230.91,0.0,895.2
2023-03-03,301198.4,1011175.47,0.0,1011175.47,11175.47,0.0,920.31
2023-03-06,402328.72,1011290.16,0.0,1011290.16,11290.16,0.0,1046.89
2023-03-07,402328.72,1007837.34,0.0,1007837.34,7837.34,0.0,1046.89
2023-03-08,605157.25,1007172.19,0.0,1007172.19,7172.19,0.0,1300.74
2023-03-09,606542.71,1006937.39,0.0,1006937.39,6937.39,0.0,1453.48
2023-03-10,506480.9,1003287.02,0.0,1003287.02,3287.02,0.0,1478.49
2023-03-13,703935.65,1001616.16,0.0,1001616.16,1616.16,0.0,1725.62
2023-03-14,803431.1,999472.4,0.0,999472.4,-527.6,0.0,1850.15
2023-03-15,803431.1,1001711.21,0.0,1001711.21,1711.21,0.0,1850.15
2023-03-16,803431.1,1002537.43,0.0,1002537.43,2537.43,0.0,1850.15
2023-03-17,803431.1,1002844.96,0.0,1002844.96,2844.96,0.0,1850.15
2023-03-20,803431.1,1002297.56,0.0,1002297.56,2297.56,0.0,1850.15
2023-03-21,803431.1,1002115.1,0.0,1002115.1,2115.1,0.0,1850.15
2023-03-22,803431.1,1002787.56,0.0,1002787.56,2787.56,0.0,1850.15
2023-03-23,904440.22,1002283.5,0.0,1002283.5,2283.5,0.0,1976.57
2023-03-24,1001629.29,1001629.29,0.0,1001629.29,1629.29,0.0,2098.2
2023-03-27,901764.97,1001312.09,0.0,1001312.09,1312.09,0.0,2123.16
2023-03-28,1001285.53,1001285.53,0.0,1001285.53,1285.53,0.0,2247.72
2023-03-29,902782.28,999161.04,0.0,999161.04,-838.96,0.0,2272.34
2023-03-30,997087.48,997087.48,0.0,997087.48,-2912.52,0.0,2390.37
2023-03-31,997087.48,997087.48,0.0,997087.48,-2912.52,0.0,2390.37
2023-04-03,997087.48,997087.48,0.0,997087.48,-2912.52,0.0,2390.37
2023-04-04,997087.48,997087.48,0.0,997087.48,-2912.52,0.0,2390.37
2023-04-06,798698.75,996846.11,0.0,996846.11,-3153.89,0.0,2439.95
2023-04-07,897676.04,996623.54,0.0,996623.54,-3376.46,0.0,2563.83
2023-04-10,897676.04,996623.54,0.0,996623.54,-3376.46,0.0,2563.83
2023-04-11,897676.04,996775.3,0.0,996775.3,-3224.7,0.0,2563.83
2023-04-12,897676.04,997534.1,0.0,997534.1,-2465.9,0.0,2563.83
2023-04-13,897676.04,997382.34,0.0,997382.34,-2617.66,0.0,2563.83
2023-04-14,897676.04,997230.58,0.0,997230.58,-2769.42,0.0,2563.83
2023-04-17,897676.04,998292.9,0.0,998292.9,-1707.1,0.0,2563.83
2023-04-18,698600.72,998050.42,0.0,998050.42,-1949.58,0.0,2613.59
2023-04-19,597743.87,996656.01,0.0,996656.01,-3343.99,0.0,2786.09
2023-04-20,498078.32,998635.31,0.0,998635.31,-1364.69,0.0,2811.0
2023-04-21,400094.92,996439.35,0.0,996439.35,-3560.65,0.0,2835.49
2023-04-24,596161.01,994438.27,0.0,994438.27,-5561.73,0.0,3080.88
2023-04-25,596161.01,995586.79,0.0,995586.79,-4413.21,0.0,3080.88
2023-04-26,596161.01,995274.76,0.0,995274.76,-4725.24,0.0,3080.88
2023-04-27,596161.01,999735.79,0.0,999735.79,-264.21,0.0,3080.88
2023-04-28,900814.99,1000965.26,0.0,1000965.26,965.26,0.0,3462.18
2023-05-04,900814.99,1003037.33,0.0,1003037.33,3037.33,0.0,3462.18
2023-05-05,900814.99,1002691.99,0.0,1002691.99,2691.99,0.0,3462.18
2023-05-08,900814.99,1005454.75,0.0,1005454.75,5454.75,0.0,3462.18
2023-05-09,900814.99,1005800.1,0.0,1005800.1,5800.1,0.0,3462.18
2023-05-10,900814.99,1004764.06,0.0,1004764.06,4764.06,0.0,3462.18
2023-05-11,900814.99,1004764.06,0.0,1004764.06,4764.06,0.0,3462.18
2023-05-12,1004335.83,1004335.83,0.0,1004335.83,4335.83,0.0,3591.74
2023-05-15,904609.22,1005185.3,0.0,1005185.3,5185.3,0.0,3616.66
2023-05-16,905994.52,1005115.68,0.0,1005115.68,5115.68,0.0,3767.47
2023-05-17,807118.6,1003012.15,0.0,1003012.15,3012.15,0.0,3792.19
2023-05-18,1001198.48,1001198.48,0.0,1001198.48,1198.48,0.0,4035.09
2023-05-19,901858.98,1000280.46,0.0,1000280.46,280.46,0.0,4059.92
2023-05-22,901858.98,1000280.46,0.0,1000280.46,280.46,0.0,4059.92
2023-05-23,901858.98,998922.93,0.0,998922.93,-1077.07,0.0,4059.92
2023-05-24,901858.98,997904.77,0.0,997904.77,-2095.23,0.0,4059.92
2023-05-25,901858.98,996886.62,0.0,996886.62,-3113.38,0.0,4059.92
2023-05-26,901858.98,996886.62,0.0,996886.62,-3113.38,0.0,4059.92
2023-05-29,901858.98,996547.23,0.0,996547.23,-3452.77,0.0,4059.92
2023-05-30,901858.98,996207.85,0.0,996207.85,-3792.15,0.0,4059.92
2023-05-31,803351.41,995069.78,0.0,995069.78,-4930.22,0.0,4084.54
2023-06-01,900606.09,994954.96,0.0,994954.96,-5045.04,0.0,4206.26
2023-06-02,900606.09,994954.96,0.0,994954.96,-5045.04,0.0,4206.26
2023-06-05,900606.09,995294.34,0.0,995294.34,-4705.66,0.0,4206.26
2023-06-06,900606.09,993936.81,0.0,993936.81,-6063.19,0.0,4206.26
2023-06-07,900606.09,994615.57,0.0,994615.57,-5384.43,0.0,4206.26
2023-06-08,900606.09,995633.73,0.0,995633.73,-4366.27,0.0,4206.26
2023-06-09,900606.09,994954.96,0.0,994954.96,-5045.04,0.0,4206.26
2023-06-12,900606.09,994276.19,0.0,994276.19,-5723.81,0.0,4206.26
2023-06-13,900606.09,993936.81,0.0,993936.81,-6063.19,0.0,4206.26
2023-06-14,900606.09,993597.42,0.0,993597.42,-6402.58,0.0,4206.26
2023-06-15,900606.09,994276.19,0.0,994276.19,-5723.81,0.0,4206.26
2023-06-16,993983.25,993983.25,0.0,993983.25,-6016.75,0.0,4323.13
2023-06-19,895346.3,992901.7,0.0,992901.7,-7098.3,0.0,4347.78
2023-06-20,895346.3,992441.53,0.0,992441.53,-7558.47,0.0,4347.78
2023-06-21,895346.3,992288.14,0.0,992288.14,-7711.86,0.0,4347.78
2023-06-26,895346.3,991214.42,0.0,991214.42,-8785.58,0.0,4347.78
2023-06-27,895346.3,991981.36,0.0,991981.36,-8018.64,0.0,4347.78
2023-06-28,895346.3,992594.92,0.0,992594.92,-7405.08,0.0,4347.78
2023-06-29,895346.3,991367.81,0.0,991367.81,-8632.19,0.0,4347.78
2023-06-30,895346.3,992134.75,0.0,992134.75,-7865.25,0.0,4347.78
2023-07-03,895346.3,993975.42,0.0,993975.42,-6024.58,0.0,4347.78
2023-07-04,895346.3,993208.47,0.0,993208.47,-6791.53,0.0,4347.78
2023-07-05,895346.3,993822.03,0.0,993822.03,-6177.97,0.0,4347.78
2023-07-06,895346.3,993208.47,0.0,993208.47,-6791.53,0.0,4347.78
2023-07-07,895346.3,993515.25,0.0,993515.25,-6484.75,0.0,4347.78
2023-07-10,895346.3,994128.81,0.0,994128.81,-5871.19,0.0,4347.78
2023-07-11,895346.3,993975.42,0.0,993975.42,-6024.58,0.0,4347.78
2023-07-12,795693.36,993519.94,0.0,993519.94,-6480.06,0.0,4520.84
2023-07-13,894695.05,994091.4,0.0,994091.4,-5908.6,0.0,4644.75
2023-07-14,894925.79,993972.71,0.0,993972.71,-6027.29,0.0,4794.01
2023-07-17,795753.48,993437.68,0.0,993437.68,-6562.32,0.0,4818.8
2023-07-18,597663.63,993910.36,0.0,993910.36,-6089.64,0.0,4868.31
2023-07-19,498522.97,997187.97,0.0,997187.97,-2812.03,0.0,5042.7
2023-07-20,498522.97,995952.51,0.0,995952.51,-4047.49,0.0,5042.7
2023-07-21,498522.97,998881.81,0.0,998881.81,-1118.19,0.0,5042.7
2023-07-24,899527.75,998936.16,0.0,998936.16,-1063.84,0.0,5544.58
2023-07-25,899527.75,1000382.1,0.0,1000382.1,382.1,0.0,5544.58
2023-07-26,899527.75,1000743.58,0.0,1000743.58,743.58,0.0,5544.58
2023-07-27,899527.75,1001466.55,0.0,1001466.55,1466.55,0.0,5544.58
2023-07-28,899527.75,1006165.86,0.0,1006165.86,6165.86,0.0,5544.58
2023-07-31,899527.75,1007973.29,0.0,1007973.29,7973.29,0.0,5544.58
2023-08-01,698100.0,1010068.8,0.0,1010068.8,10068.8,0.0,5594.93
2023-08-02,496582.43,1008652.45,0.0,1008652.45,8652.45,0.0,5645.29
2023-08-03,496582.43,1012928.26,0.0,1012928.26,12928.26,0.0,5645.29
2023-08-04,608424.17,1013004.93,0.0,1013004.93,13004.93,0.0,5785.27
2023-08-07,808898.44,1009908.8,0.0,1009908.8,9908.8,0.0,6187.78
2023-08-08,506334.9,1006037.36,0.0,1006037.36,6037.36,0.0,6263.4
2023-08-09,695795.04,996402.12,0.0,996402.12,-3597.88,0.0,6500.52
2023-08-10,695795.04,999926.88,0.0,999926.88,-73.12,0.0,6500.52
2023-08-11,796871.75,996799.73,0.0,996799.73,-3200.27,0.0,6627.03
2023-08-14,697848.16,993003.63,0.0,993003.63,-6996.37,0.0,6651.78
2023-08-15,994628.86,994628.86,0.0,994628.86,-5371.14,0.0,7023.22
2023-08-16,994628.86,994628.86,0.0,994628.86,-5371.14,0.0,7023.22
2023-08-17,994628.86,994628.86,0.0,994628.86,-5371.14,0.0,7023.22
2023-08-18,994628.86,994628.86,0.0,994628.86,-5371.14,0.0,7023.22
2023-08-21,994628.86,994628.86,0.0,994628.86,-5371.14,0.0,7023.22
2023-08-22,994628.86,994628.86,0.0,994628.86,-5371.14,0.0,7023.22
2023-08-23,994628.86,994628.86,0.0,994628.86,-5371.14,0.0,7023.22
2023-08-24,994628.86,994628.86,0.0,994628.86,-5371.14,0.0,7023.22
2023-08-25,994628.86,994628.86,0.0,994628.86,-5371.14,0.0,7023.22
2023-08-28,994628.86,994628.86,0.0,994628.86,-5371.14,0.0,7023.22
2023-08-29,994628.86,994628.86,0.0,994628.86,-5371.14,0.0,7023.22
2023-08-30,994628.86,994628.86,0.0,994628.86,-5371.14,0.0,7023.22
2023-08-31,994628.86,994628.86,0.0,994628.86,-5371.14,0.0,7023.22
2023-09-01,994628.86,994628.86,0.0,994628.86,-5371.14,0.0,7023.22
2023-09-04,994628.86,994628.86,0.0,994628.86,-5371.14,0.0,7023.22
2023-09-05,797010.51,995166.9,0.0,995166.9,-4833.1,0.0,7072.61
2023-09-06,698137.6,994216.59,0.0,994216.59,-5783.41,0.0,7097.32
2023-09-07,695393.69,993683.64,0.0,993683.64,-6316.36,0.0,7242.77
2023-09-08,795329.18,992379.66,0.0,992379.66,-7620.34,0.0,7367.84
2023-09-11,795329.18,993053.08,0.0,993053.08,-6946.92,0.0,7367.84
2023-09-12,795329.18,993053.08,0.0,993053.08,-6946.92,0.0,7367.84
2023-09-13,696564.89,992747.67,0.0,992747.67,-7252.33,0.0,7392.53
2023-09-14,696564.89,995226.42,0.0,995226.42,-4773.58,0.0,7392.53
2023-09-15,597502.01,994554.51,0.0,994554.51,-5445.49,0.0,7566.22
2023-09-18,695485.02,994639.67,0.0,994639.67,-5360.33,0.0,7688.86
2023-09-19,695485.02,995033.44,0.0,995033.44,-4966.56,0.0,7688.86
2023-09-20,896357.86,995056.37,0.0,995056.37,-4943.63,0.0,7940.26
2023-09-21,796798.5,994445.22,0.0,994445.22,-5554.78,0.0,8113.51
2023-09-22,796798.5,994870.86,0.0,994870.86,-5129.14,0.0,8113.51
2023-09-25,895878.53,994689.81,0.0,994689.81,-5310.19,0.0,8237.51
2023-09-26,895878.53,994413.41,0.0,994413.41,-5586.59,0.0,8237.51
2023-09-27,895878.53,993722.42,0.0,993722.42,-6277.58,0.0,8237.51
2023-09-28,895878.53,994137.02,0.0,994137.02,-5862.98,0.0,8237.51
2023-10-09,895878.53,992755.04,0.0,992755.04,-7244.96,0.0,8237.51
2023-10-10,895878.53,992893.24,0.0,992893.24,-7106.76,0.0,8237.51
2023-10-11,895878.53,993031.44,0.0,993031.44,-6968.56,0.0,8237.51
2023-10-12,895878.53,992893.24,0.0,992893.24,-7106.76,0.0,8237.51
2023-10-13,895878.53,993307.83,0.0,993307.83,-6692.17,0.0,8237.51
2023-10-16,895878.53,993307.83,0.0,993307.83,-6692.17,0.0,8237.51
2023-10-17,895878.53,993584.23,0.0,993584.23,-6415.77,0.0,8237.51
2023-10-18,895878.53,993584.23,0.0,993584.23,-6415.77,0.0,8237.51
2023-10-19,992265.73,992265.73,0.0,992265.73,-7734.27,0.0,8358.15
2023-10-20,992265.73,992265.73,0.0,992265.73,-7734.27,0.0,8358.15
2023-10-23,992265.73,992265.73,0.0,992265.73,-7734.27,0.0,8358.15
2023-10-24,992265.73,992265.73,0.0,992265.73,-7734.27,0.0,8358.15
2023-10-25,992265.73,992265.73,0.0,992265.73,-7734.27,0.0,8358.15
2023-10-26,992265.73,992265.73,0.0,992265.73,-7734.27,0.0,8358.15
2023-10-27,992265.73,992265.73,0.0,992265.73,-7734.27,0.0,8358.15
2023-10-30,992265.73,992265.73,0.0,992265.73,-7734.27,0.0,8358.15
2023-10-31,992265.73,992265.73,0.0,992265.73,-7734.27,0.0,8358.15
2023-11-01,992265.73,992265.73,0.0,992265.73,-7734.27,0.0,8358.15
2023-11-02,992265.73,992265.73,0.0,992265.73,-7734.27,0.0,8358.15
2023-11-03,992265.73,992265.73,0.0,992265.73,-7734.27,0.0,8358.15
2023-11-06,992265.73,992265.73,0.0,992265.73,-7734.27,0.0,8358.15
2023-11-07,893503.7,992520.5,0.0,992520.5,-7479.5,0.0,8382.83
2023-11-08,893084.7,991237.82,0.0,991237.82,-8762.18,0.0,8530.3
2023-11-09,893084.7,991237.82,0.0,991237.82,-8762.18,0.0,8530.3
2023-11-10,893084.7,990871.58,0.0,990871.58,-9128.42,0.0,8530.3
2023-11-13,893084.7,990871.58,0.0,990871.58,-9128.42,0.0,8530.3
2023-11-14,794289.21,991444.74,0.0,991444.74,-8555.26,0.0,8554.99
2023-11-15,695123.2,992953.74,0.0,992953.74,-7046.26,0.0,8579.78
2023-11-16,695123.2,991506.48,0.0,991506.48,-8493.52,0.0,8579.78
2023-11-17,598279.55,988805.05,0.0,988805.05,-11194.95,0.0,8603.98
2023-11-20,598714.14,990973.96,0.0,990973.96,-9026.04,0.0,8751.99
2023-11-21,694369.19,988948.63,0.0,988948.63,-11051.37,0.0,8871.71
2023-11-22,694369.19,988053.62,0.0,988053.62,-11946.38,0.0,8871.71
2023-11-23,792265.57,989766.01,0.0,989766.01,-10233.99,0.0,8994.24
2023-11-24,792265.57,990559.16,0.0,990559.16,-9440.84,0.0,8994.24
2023-11-27,792265.57,989297.91,0.0,989297.91,-10702.09,0.0,8994.24
2023-11-28,890986.41,989139.53,0.0,989139.53,-10860.47,0.0,9117.79
2023-11-29,890986.41,988040.8,0.0,988040.8,-11959.2,0.0,9117.79
2023-11-30,890986.41,988040.8,0.0,988040.8,-11959.2,0.0,9117.79
2023-12-01,890986.41,988773.29,0.0,988773.29,-11226.71,0.0,9117.79
2023-12-04,890986.41,988773.29,0.0,988773.29,-11226.71,0.0,9117.79
2023-12-05,890986.41,987674.56,0.0,987674.56,-12325.44,0.0,9117.79
2023-12-06,987440.37,987440.37,0.0,987440.37,-12559.63,0.0,9238.51
2023-12-07,987440.37,987440.37,0.0,987440.37,-12559.63,0.0,9238.51
2023-12-08,987440.37,987440.37,0.0,987440.37,-12559.63,0.0,9238.51
2023-12-11,987440.37,987440.37,0.0,987440.37,-12559.63,0.0,9238.51
2023-12-12,987440.37,987440.37,0.0,987440.37,-12559.63,0.0,9238.51
2023-12-13,889103.63,987107.36,0.0,987107.36,-12892.64,0.0,9263.09
2023-12-14,889103.63,987107.36,0.0,987107.36,-12892.64,0.0,9263.09
2023-12-15,889103.63,986737.53,0.0,986737.53,-13262.47,0.0,9263.09
2023-12-18,889103.63,985997.88,0.0,985997.88,-14002.12,0.0,9263.09
2023-12-19,889103.63,985628.05,0.0,985628.05,-14371.95,0.0,9263.09
2023-12-20,889103.63,985258.23,0.0,985258.23,-14741.77,0.0,9263.09
2023-12-21,889103.63,984888.4,0.0,984888.4,-15111.6,0.0,9263.09
2023-12-22,889103.63,984888.4,0.0,984888.4,-15111.6,0.0,9263.09
2023-12-25,889103.63,984148.75,0.0,984148.75,-15851.25,0.0,9263.09
2023-12-26,889103.63,983778.93,0.0,983778.93,-16221.07,0.0,9263.09
2023-12-27,889103.63,984148.75,0.0,984148.75,-15851.25,0.0,9263.09
2023-12-28,889103.63,985628.05,0.0,985628.05,-14371.95,0.0,9263.09
2023-12-29,889103.63,985997.88,0.0,985997.88,-14002.12,0.0,9263.09
2024-01-02,889103.63,985997.88,0.0,985997.88,-14002.12,0.0,9263.09
2024-01-03,889103.63,986367.7,0.0,986367.7,-13632.3,0.0,9263.09
2024-01-04,889103.63,986367.7,0.0,986367.7,-13632.3,0.0,9263.09
2024-01-05,889103.63,987477.18,0.0,987477.18,-12522.82,0.0,9263.09
2024-01-08,791515.12,984854.43,0.0,984854.43,-15145.57,0.0,9287.48
2024-01-09,791515.12,986188.04,0.0,986188.04,-13811.96,0.0,9287.48
2024-01-10,888957.29,986221.36,0.0,986221.36,-13778.64,0.0,9409.43
2024-01-11,986354.71,986354.71,0.0,986354.71,-13645.29,0.0,9531.33
2024-01-12,986354.71,986354.71,0.0,986354.71,-13645.29,0.0,9531.33
2024-01-15,986354.71,986354.71,0.0,986354.71,-13645.29,0.0,9531.33
2024-01-16,986354.71,986354.71,0.0,986354.71,-13645.29,0.0,9531.33
2024-01-17,986354.71,986354.71,0.0,986354.71,-13645.29,0.0,9531.33
2024-01-18,986354.71,986354.71,0.0,986354.71,-13645.29,0.0,9531.33
2024-01-19,986354.71,986354.71,0.0,986354.71,-13645.29,0.0,9531.33
2024-01-22,986354.71,986354.71,0.0,986354.71,-13645.29,0.0,9531.33
2024-01-23,986354.71,986354.71,0.0,986354.71,-13645.29,0.0,9531.33
2024-01-24,986354.71,986354.71,0.0,986354.71,-13645.29,0.0,9531.33
2024-01-25,986354.71,986354.71,0.0,986354.71,-13645.29,0.0,9531.33
2024-01-26,986354.71,986354.71,0.0,986354.71,-13645.29,0.0,9531.33
2024-01-29,986354.71,986354.71,0.0,986354.71,-13645.29,0.0,9531.33
2024-01-30,888826.91,985634.08,0.0,985634.08,-14365.92,0.0,9555.71
2024-01-31,888826.91,984172.84,0.0,984172.84,-15827.16,0.0,9555.71
2024-02-01,888826.91,983076.91,0.0,983076.91,-16923.09,0.0,9555.71
2024-02-02,888826.91,982346.29,0.0,982346.29,-17653.71,0.0,9555.71
2024-02-05,981124.27,981124.27,0.0,981124.27,-18875.73,0.0,9671.23
2024-02-06,981124.27,981124.27,0.0,981124.27,-18875.73,0.0,9671.23
2024-02-07,981124.27,981124.27,0.0,981124.27,-18875.73,0.0,9671.23
2024-02-08,883225.71,980262.86,0.0,980262.86,-19737.14,0.0,9695.69
2024-02-19,785635.39,980968.68,0.0,980968.68,-19031.32,0.0,9720.09
2024-02-20,882901.54,981012.9,0.0,981012.9,-18987.1,0.0,9841.82
2024-02-21,882901.54,982803.26,0.0,982803.26,-17196.74,0.0,9841.82
2024-02-22,296414.77,984072.67,0.0,984072.67,-15927.33,0.0,9988.41
2024-02-23,393500.62,981830.56,0.0,981830.56,-18169.44,0.0,10109.91
2024-02-26,102426.66,966996.68,0.0,966996.68,-33003.32,0.0,10182.66
2024-02-27,195647.78,973634.47,0.0,973634.47,-26365.53,0.0,10444.49
2024-02-28,195647.78,975240.55,0.0,975240.55,-24759.45,0.0,10444.49
2024-02-29,195647.78,987603.99,0.0,987603.99,-12396.01,0.0,10444.49
2024-03-01,96940.81,980912.79,0.0,980912.79,-19087.21,0.0,10469.16
2024-03-04,102313.65,980607.29,0.0,980607.29,-19392.71,0.0,10621.8
2024-03-05,102313.65,983406.66,0.0,983406.66,-16593.34,0.0,10621.8
2024-03-06,202169.67,980297.24,0.0,980297.24,-19702.76,0.0,10746.78
2024-03-07,205240.17,980321.02,0.0,980321.02,-19678.98,0.0,10897.81
2024-03-08,9294.16,983091.12,0.0,983091.12,-16908.88,0.0,10946.78
2024-03-11,107202.18,987611.24,0.0,987611.24,-12388.76,0.0,11069.32
2024-03-12,107202.18,980557.08,0.0,980557.08,-19442.92,0.0,11069.32
2024-03-13,9285.46,970965.7,0.0,970965.7,-29034.3,0.0,11093.8
2024-03-14,201481.42,970475.89,0.0,970475.89,-29524.11,0.0,11334.34
2024-03-15,298466.5,977303.43,0.0,977303.43,-22696.57,0.0,11455.72
2024-03-18,298466.5,979290.64,0.0,979290.64,-20709.36,0.0,11455.72
2024-03-19,298466.5,975237.07,0.0,975237.07,-24762.93,0.0,11455.72
2024-03-20,298466.5,977010.63,0.0,977010.63,-22989.37,0.0,11455.72
2024-03-21,586579.17,976939.86,0.0,976939.86,-23060.14,0.0,11816.32
2024-03-22,587534.71,969281.77,0.0,969281.77,-30718.23,0.0,11961.4
2024-03-25,779271.78,970151.9,0.0,970151.9,-29848.1,0.0,12201.37
2024-03-26,779271.78,973141.01,0.0,973141.01,-26858.99,0.0,12201.37
2024-03-27,779271.78,972717.6,0.0,972717.6,-27282.4,0.0,12201.37
2024-03-28,878457.07,971874.8,0.0,971874.8,-28125.2,0.0,12325.5
2024-03-29,971858.45,971858.45,0.0,971858.45,-28141.55,0.0,12442.4
2024-04-01,971858.45,971858.45,0.0,971858.45,-28141.55,0.0,12442.4
2024-04-02,971858.45,971858.45,0.0,971858.45,-28141.55,0.0,12442.4
2024-04-03,874885.76,972069.23,0.0,972069.23,-27930.77,0.0,12466.64
2024-04-08,874885.76,971714.55,0.0,971714.55,-28285.45,0.0,12466.64
2024-04-09,874885.76,971359.86,0.0,971359.86,-28640.14,0.0,12466.64
2024-04-10,777737.08,970856.51,0.0,970856.51,-29143.49,0.0,12490.92
2024-04-11,777737.08,971039.97,0.0,971039.97,-28960.03,0.0,12490.92
2024-04-12,681339.01,968744.86,0.0,968744.86,-31255.14,0.0,12515.01
2024-04-15,777140.63,973354.37,0.0,973354.37,-26645.63,0.0,12634.91
2024-04-16,777140.63,971935.63,0.0,971935.63,-28064.37,0.0,12634.91
2024-04-17,777140.63,975983.92,0.0,975983.92,-24016.08,0.0,12634.91
2024-04-18,777140.63,977989.72,0.0,977989.72,-22010.28,0.0,12634.91
2024-04-19,777140.63,978393.33,0.0,978393.33,-21606.67,0.0,12634.91
2024-04-22,777140.63,977280.36,0.0,977280.36,-22719.64,0.0,12634.91
2024-04-23,878581.67,975765.13,0.0,975765.13,-24234.87,0.0,12761.87
2024-04-24,781177.9,976057.94,0.0,976057.94,-23942.06,0.0,12786.22
2024-04-25,782982.85,979801.75,0.0,979801.75,-20198.25,0.0,12934.88
2024-04-26,782982.85,979612.92,0.0,979612.92,-20387.08,0.0,12934.88
2024-04-29,782982.85,981386.34,0.0,981386.34,-18613.66,0.0,12934.88
2024-04-30,395172.03,983452.94,0.0,983452.94,-16547.06,0.0,13031.81
2024-05-06,393768.55,987751.93,0.0,987751.93,-12248.07,0.0,13177.69
2024-05-07,197025.17,987196.32,0.0,987196.32,-12803.68,0.0,13226.87
2024-05-08,395854.16,984742.42,0.0,984742.42,-15257.58,0.0,13475.72
2024-05-09,395854.16,990873.18,0.0,990873.18,-9126.82,0.0,13475.72
2024-05-10,398516.89,993584.68,0.0,993584.68,-6415.32,0.0,13627.09
2024-05-13,200209.19,999819.48,0.0,999819.48,-180.52,0.0,13676.66
2024-05-14,200209.19,997699.59,0.0,997699.59,-2300.41,0.0,13676.66
2024-05-15,302083.73,993029.24,0.0,993029.24,-6970.76,0.0,13804.16
2024-05-16,302083.73,994944.41,0.0,994944.41,-5055.59,0.0,13804.16
2024-05-17,302083.73,1002631.91,0.0,1002631.91,2631.91,0.0,13804.16
2024-05-20,408179.86,1000462.14,0.0,1000462.14,462.14,0.0,13936.95
2024-05-21,408179.86,997840.81,0.0,997840.81,-2159.19,0.0,13936.95
2024-05-22,408179.86,1001190.42,0.0,1001190.42,1190.42,0.0,13936.95
2024-05-23,598243.17,989879.71,0.0,989879.71,-10120.29,0.0,14174.82
2024-05-24,598243.17,990542.82,0.0,990542.82,-9457.18,0.0,14174.82
2024-05-27,698277.61,993261.99,0.0,993261.99,-6738.01,0.0,14300.02
2024-05-28,599617.79,989264.75,0.0,989264.75,-10735.25,0.0,14324.68
2024-05-29,699641.52,989272.97,0.0,989272.97,-10727.03,0.0,14449.87
2024-05-30,699641.52,989025.58,0.0,989025.58,-10974.42,0.0,14449.87
2024-05-31,894037.53,988724.43,0.0,988724.43,-11275.57,0.0,14693.17
2024-06-03,894037.53,984637.22,0.0,984637.22,-15362.78,0.0,14693.17
2024-06-04,984357.36,984357.36,0.0,984357.36,-15642.64,0.0,14806.21
2024-06-05,984357.36,984357.36,0.0,984357.36,-15642.64,0.0,14806.21
2024-06-06,984357.36,984357.36,0.0,984357.36,-15642.64,0.0,14806.21
2024-06-07,984357.36,984357.36,0.0,984357.36,-15642.64,0.0,14806.21
2024-06-11,984357.36,984357.36,0.0,984357.36,-15642.64,0.0,14806.21
2024-06-12,984357.36,984357.36,0.0,984357.36,-15642.64,0.0,14806.21
2024-06-13,984357.36,984357.36,0.0,984357.36,-15642.64,0.0,14806.21
2024-06-14,984357.36,984357.36,0.0,984357.36,-15642.64,0.0,14806.21
2024-06-17,984357.36,984357.36,0.0,984357.36,-15642.64,0.0,14806.21
2024-06-18,984357.36,984357.36,0.0,984357.36,-15642.64,0.0,14806.21
2024-06-19,984357.36,984357.36,0.0,984357.36,-15642.64,0.0,14806.21
2024-06-20,984357.36,984357.36,0.0,984357.36,-15642.64,0.0,14806.21
2024-06-21,984357.36,984357.36,0.0,984357.36,-15642.64,0.0,14806.21
2024-06-24,984357.36,984357.36,0.0,984357.36,-15642.64,0.0,14806.21
2024-06-25,984357.36,984357.36,0.0,984357.36,-15642.64,0.0,14806.21
2024-06-26,984357.36,984357.36,0.0,984357.36,-15642.64,0.0,14806.21
2024-06-27,984357.36,984357.36,0.0,984357.36,-15642.64,0.0,14806.21
2024-06-28,984357.36,984357.36,0.0,984357.36,-15642.64,0.0,14806.21
2024-07-01,984357.36,984357.36,0.0,984357.36,-15642.64,0.0,14806.21
2024-07-02,984357.36,984357.36,0.0,984357.36,-15642.64,0.0,14806.21
2024-07-03,984357.36,984357.36,0.0,984357.36,-15642.64,0.0,14806.21
2024-07-04,984357.36,984357.36,0.0,984357.36,-15642.64,0.0,14806.21
2024-07-05,984357.36,984357.36,0.0,984357.36,-15642.64,0.0,14806.21
2024-07-08,984357.36,984357.36,0.0,984357.36,-15642.64,0.0,14806.21
2024-07-09,984357.36,984357.36,0.0,984357.36,-15642.64,0.0,14806.21
2024-07-10,984357.36,984357.36,0.0,984357.36,-15642.64,0.0,14806.21
2024-07-11,984357.36,984357.36,0.0,984357.36,-15642.64,0.0,14806.21
2024-07-12,984357.36,984357.36,0.0,984357.36,-15642.64,0.0,14806.21
2024-07-15,984357.36,984357.36,0.0,984357.36,-15642.64,0.0,14806.21
2024-07-16,984357.36,984357.36,0.0,984357.36,-15642.64,0.0,14806.21
2024-07-17,984357.36,984357.36,0.0,984357.36,-15642.64,0.0,14806.21
2024-07-18,886206.55,984086.14,0.0,984086.14,-15913.86,0.0,14830.74
2024-07-19,886206.55,984776.4,0.0,984776.4,-15223.6,0.0,14830.74
2024-07-22,886206.55,983257.82,0.0,983257.82,-16742.18,0.0,14830.74
2024-07-23,886206.55,980910.92,0.0,980910.92,-19089.08,0.0,14830.74
2024-07-24,886206.55,981463.13,0.0,981463.13,-18536.87,0.0,14830.74
2024-07-25,886206.55,981463.13,0.0,981463.13,-18536.87,0.0,14830.74
2024-07-26,886206.55,982291.45,0.0,982291.45,-17708.55,0.0,14830.74
2024-07-29,886206.55,982429.5,0.0,982429.5,-17570.5,0.0,14830.74
2024-07-30,886206.55,982705.61,0.0,982705.61,-17294.39,0.0,14830.74
2024-07-31,886206.55,984914.45,0.0,984914.45,-15085.55,0.0,14830.74
2024-08-01,788026.25,983963.03,0.0,983963.03,-16036.97,0.0,14855.28
2024-08-02,788026.25,984475.57,0.0,984475.57,-15524.43,0.0,14855.28
2024-08-05,788026.25,982563.46,0.0,982563.46,-17436.54,0.0,14855.28
2024-08-06,689870.72,983451.15,0.0,983451.15,-16548.85,0.0,14879.81
2024-08-07,787522.66,982848.52,0.0,982848.52,-17151.48,0.0,15002.03
2024-08-08,787522.66,985668.29,0.0,985668.29,-14331.71,0.0,15002.03
2024-08-09,492306.6,984509.11,0.0,984509.11,-15490.89,0.0,15075.81
2024-08-12,492306.6,984057.15,0.0,984057.15,-15942.85,0.0,15075.81
2024-08-13,492306.6,985759.59,0.0,985759.59,-14240.41,0.0,15075.81
2024-08-14,693096.61,983265.43,0.0,983265.43,-16734.57,0.0,15327.12
2024-08-15,693096.61,985221.55,0.0,985221.55,-14778.45,0.0,15327.12
2024-08-16,792212.62,983429.18,0.0,983429.18,-16570.82,0.0,15451.17
2024-08-19,792212.62,984807.68,0.0,984807.68,-15192.32,0.0,15451.17
2024-08-20,695350.6,982005.41,0.0,982005.41,-17994.59,0.0,15475.38
2024-08-21,789291.83,977903.11,0.0,977903.11,-22096.89,0.0,15592.95
2024-08-22,789291.83,977409.18,0.0,977409.18,-22590.82,0.0,15592.95
2024-08-23,886167.03,975614.8,0.0,975614.8,-24385.2,0.0,15714.19
2024-08-26,976784.65,976784.65,0.0,976784.65,-23215.35,0.0,15827.61
2024-08-27,976784.65,976784.65,0.0,976784.65,-23215.35,0.0,15827.61
2024-08-28,976784.65,976784.65,0.0,976784.65,-23215.35,0.0,15827.61
2024-08-29,976784.65,976784.65,0.0,976784.65,-23215.35,0.0,15827.61
2024-08-30,976784.65,976784.65,0.0,976784.65,-23215.35,0.0,15827.61
2024-09-02,976784.65,976784.65,0.0,976784.65,-23215.35,0.0,15827.61
2024-09-03,976784.65,976784.65,0.0,976784.65,-23215.35,0.0,15827.61
2024-09-04,976784.65,976784.65,0.0,976784.65,-23215.35,0.0,15827.61
2024-09-05,976784.65,976784.65,0.0,976784.65,-23215.35,0.0,15827.61
2024-09-06,976784.65,976784.65,0.0,976784.65,-23215.35,0.0,15827.61
2024-09-09,976784.65,976784.65,0.0,976784.65,-23215.35,0.0,15827.61
2024-09-10,976784.65,976784.65,0.0,976784.65,-23215.35,0.0,15827.61
2024-09-11,976784.65,976784.65,0.0,976784.65,-23215.35,0.0,15827.61
2024-09-12,976784.65,976784.65,0.0,976784.65,-23215.35,0.0,15827.61
2024-09-13,976784.65,976784.65,0.0,976784.65,-23215.35,0.0,15827.61
2024-09-18,976784.65,976784.65,0.0,976784.65,-23215.35,0.0,15827.61
2024-09-19,976784.65,976784.65,0.0,976784.65,-23215.35,0.0,15827.61
2024-09-20,976784.65,976784.65,0.0,976784.65,-23215.35,0.0,15827.61
2024-09-23,976784.65,976784.65,0.0,976784.65,-23215.35,0.0,15827.61
2024-09-24,976784.65,976784.65,0.0,976784.65,-23215.35,0.0,15827.61
2024-09-25,976784.65,976784.65,0.0,976784.65,-23215.35,0.0,15827.61
2024-09-26,976784.65,976784.65,0.0,976784.65,-23215.35,0.0,15827.61
2024-09-27,976784.65,976784.65,0.0,976784.65,-23215.35,0.0,15827.61
2024-09-30,976784.65,976784.65,0.0,976784.65,-23215.35,0.0,15827.61
2024-10-08,976784.65,976784.65,0.0,976784.65,-23215.35,0.0,15827.61
2024-10-09,133866.28,956751.29,0.0,956751.29,-43248.71,0.0,16038.28
2024-10-10,408796.62,970527.43,0.0,970527.43,-29472.57,0.0,16382.38
2024-10-11,117700.75,958649.97,0.0,958649.97,-41350.03,0.0,16593.86
2024-10-14,213069.58,972118.42,0.0,972118.42,-27881.58,0.0,16713.22
2024-10-15,8218.9,948077.11,0.0,948077.11,-51922.89,0.0,17178.06
2024-10-16,8218.9,961418.35,0.0,961418.35,-38581.65,0.0,17178.06
2024-10-17,104641.69,948161.06,0.0,948161.06,-51838.94,0.0,17586.88
2024-10-18,387709.97,961058.01,0.0,961058.01,-38941.99,0.0,17941.16
2024-10-21,291847.63,958475.37,0.0,958475.37,-41524.63,0.0,17965.12
2024-10-22,488194.79,965614.79,0.0,965614.79,-34385.21,0.0,18210.86
2024-10-23,394812.78,966365.05,0.0,966365.05,-33634.95,0.0,18381.05
2024-10-24,110513.73,962425.36,0.0,962425.36,-37574.64,0.0,18599.58
2024-10-25,400675.6,973508.95,0.0,973508.95,-26491.05,0.0,18962.74
2024-10-28,593622.58,976835.51,0.0,976835.51,-23164.49,0.0,19204.22
2024-10-29,495549.6,966680.58,0.0,966680.58,-33319.42,0.0,19368.43
2024-10-30,775447.35,963107.95,0.0,963107.95,-36892.05,0.0,19862.87
2024-10-31,775447.35,963234.76,0.0,963234.76,-36765.24,0.0,19862.87
2024-11-01,775447.35,969895.32,0.0,969895.32,-30104.68,0.0,19862.87
2024-11-04,679122.88,971761.6,0.0,971761.6,-28238.4,0.0,19886.94
2024-11-05,679122.88,975500.78,0.0,975500.78,-24499.22,0.0,19886.94
2024-11-06,780320.88,973393.32,0.0,973393.32,-26606.68,0.0,20013.6
2024-11-07,780320.88,980514.1,0.0,980514.1,-19485.9,0.0,20013.6
2024-11-08,390666.95,975398.65,0.0,975398.65,-24601.35,0.0,20110.99
2024-11-11,483543.85,970882.17,0.0,970882.17,-29117.83,0.0,20371.43
2024-11-12,781568.17,972864.93,0.0,972864.93,-27135.07,0.0,20744.43
2024-11-13,587619.43,978965.86,0.0,978965.86,-21034.14,0.0,20792.9
2024-11-14,585642.56,973007.39,0.0,973007.39,-26992.61,0.0,20936.84
2024-11-15,585642.56,974361.41,0.0,974361.41,-25638.59,0.0,20936.84
2024-11-18,681535.75,977239.29,0.0,977239.29,-22760.71,0.0,21056.85
2024-11-19,879379.17,976299.84,0.0,976299.84,-23700.16,0.0,21304.47
2024-11-20,975500.79,975500.79,0.0,975500.79,-24499.21,0.0,21424.77
2024-11-21,975500.79,975500.79,0.0,975500.79,-24499.21,0.0,21424.77
2024-11-22,975500.79,975500.79,0.0,975500.79,-24499.21,0.0,21424.77
2024-11-25,975500.79,975500.79,0.0,975500.79,-24499.21,0.0,21424.77
2024-11-26,975500.79,975500.79,0.0,975500.79,-24499.21,0.0,21424.77
2024-11-27,975500.79,975500.79,0.0,975500.79,-24499.21,0.0,21424.77
2024-11-28,975500.79,975500.79,0.0,975500.79,-24499.21,0.0,21424.77
2024-11-29,975500.79,975500.79,0.0,975500.79,-24499.21,0.0,21424.77
2024-12-02,975500.79,975500.79,0.0,975500.79,-24499.21,0.0,21424.77
2024-12-03,975500.79,975500.79,0.0,975500.79,-24499.21,0.0,21424.77
2024-12-04,975500.79,975500.79,0.0,975500.79,-24499.21,0.0,21424.77
2024-12-05,975500.79,975500.79,0.0,975500.79,-24499.21,0.0,21424.77
2024-12-06,975500.79,975500.79,0.0,975500.79,-24499.21,0.0,21424.77
2024-12-09,975500.79,975500.79,0.0,975500.79,-24499.21,0.0,21424.77
2024-12-10,975500.79,975500.79,0.0,975500.79,-24499.21,0.0,21424.77
2024-12-11,878567.55,975008.55,0.0,975008.55,-24991.45,0.0,21449.0
2024-12-12,975944.4,975944.4,0.0,975944.4,-24055.6,0.0,21570.87
2024-12-13,688047.48,971865.5,0.0,971865.5,-28134.5,0.0,21642.83
2024-12-16,686822.84,966059.86,0.0,966059.86,-33940.14,0.0,21786.22
2024-12-17,871977.7,961077.13,0.0,961077.13,-38922.87,0.0,22017.95
2024-12-18,960895.07,960895.07,0.0,960895.07,-39104.93,0.0,22129.24
2024-12-19,960895.07,960895.07,0.0,960895.07,-39104.93,0.0,22129.24
2024-12-20,960895.07,960895.07,0.0,960895.07,-39104.93,0.0,22129.24
2024-12-23,960895.07,960895.07,0.0,960895.07,-39104.93,0.0,22129.24
2024-12-24,960895.07,960895.07,0.0,960895.07,-39104.93,0.0,22129.24
2024-12-25,960895.07,960895.07,0.0,960895.07,-39104.93,0.0,22129.24
2024-12-26,960895.07,960895.07,0.0,960895.07,-39104.93,0.0,22129.24
2024-12-27,960895.07,960895.07,0.0,960895.07,-39104.93,0.0,22129.24
2024-12-30,960895.07,960895.07,0.0,960895.07,-39104.93,0.0,22129.24
2024-12-31,960895.07,960895.07,0.0,960895.07,-39104.93,0.0,22129.24
2025-01-02,960895.07,960895.07,0.0,960895.07,-39104.93,0.0,22129.24
2025-01-03,960895.07,960895.07,0.0,960895.07,-39104.93,0.0,22129.24
2025-01-06,960895.07,960895.07,0.0,960895.07,-39104.93,0.0,22129.24
2025-01-07,960895.07,960895.07,0.0,960895.07,-39104.93,0.0,22129.24
2025-01-08,960895.07,960895.07,0.0,960895.07,-39104.93,0.0,22129.24
2025-01-09,960895.07,960895.07,0.0,960895.07,-39104.93,0.0,22129.24
2025-01-10,960895.07,960895.07,0.0,960895.07,-39104.93,0.0,22129.24
2025-01-13,960895.07,960895.07,0.0,960895.07,-39104.93,0.0,22129.24
2025-01-14,960895.07,960895.07,0.0,960895.07,-39104.93,0.0,22129.24
2025-01-15,960895.07,960895.07,0.0,960895.07,-39104.93,0.0,22129.24
2025-01-16,960895.07,960895.07,0.0,960895.07,-39104.93,0.0,22129.24
2025-01-17,960895.07,960895.07,0.0,960895.07,-39104.93,0.0,22129.24
2025-01-20,960895.07,960895.07,0.0,960895.07,-39104.93,0.0,22129.24
2025-01-21,960895.07,960895.07,0.0,960895.07,-39104.93,0.0,22129.24
2025-01-22,960895.07,960895.07,0.0,960895.07,-39104.93,0.0,22129.24
2025-01-23,960895.07,960895.07,0.0,960895.07,-39104.93,0.0,22129.24
2025-01-24,960895.07,960895.07,0.0,960895.07,-39104.93,0.0,22129.24
2025-01-27,960895.07,960895.07,0.0,960895.07,-39104.93,0.0,22129.24
2025-02-05,770344.33,958126.1,0.0,958126.1,-41873.9,0.0,22176.86
2025-02-06,770344.33,957619.14,0.0,957619.14,-42380.86,0.0,22176.86
2025-02-07,863379.92,959789.01,0.0,959789.01,-40210.99,0.0,22293.3
2025-02-10,767739.22,960817.05,0.0,960817.05,-39182.95,0.0,22461.43
2025-02-11,862355.97,957345.46,0.0,957345.46,-42654.54,0.0,22579.85
2025-02-12,671742.01,957467.69,0.0,957467.69,-42532.31,0.0,22627.49
2025-02-13,576182.55,957025.98,0.0,957025.98,-42974.02,0.0,22651.37
2025-02-14,289891.46,954807.81,0.0,954807.81,-45192.19,0.0,22722.93
2025-02-17,288706.12,953587.39,0.0,953587.39,-46412.61,0.0,22864.41
2025-02-18,288706.12,950284.99,0.0,950284.99,-49715.01,0.0,22864.41
2025-02-19,290859.15,947844.28,0.0,947844.28,-52155.72,0.0,23008.54
2025-02-20,290879.62,945792.66,0.0,945792.66,-54207.34,0.0,23148.84
2025-02-21,476834.79,942889.29,0.0,942889.29,-57110.71,0.0,23381.58
2025-02-24,476834.79,943011.84,0.0,943011.84,-56988.16,0.0,23381.58
2025-02-25,476834.79,939843.88,0.0,939843.88,-60156.12,0.0,23381.58
2025-02-26,476834.79,944699.15,0.0,944699.15,-55300.85,0.0,23381.58
2025-02-27,476834.79,942501.78,0.0,942501.78,-57498.22,0.0,23381.58
2025-02-28,383109.47,937065.4,0.0,937065.4,-62934.6,0.0,23405.0
2025-03-03,383109.47,937957.74,0.0,937957.74,-62042.26,0.0,23405.0
2025-03-04,569685.9,938745.18,0.0,938745.18,-61254.82,0.0,23638.51
2025-03-05,569685.9,939395.83,0.0,939395.83,-60604.17,0.0,23638.51
2025-03-06,753821.18,939972.91,0.0,939972.91,-60027.09,0.0,23868.97
2025-03-07,661963.81,938249.99,0.0,938249.99,-61750.01,0.0,23891.93
2025-03-10,750967.36,937750.75,0.0,937750.75,-62249.25,0.0,24003.32
2025-03-11,844103.95,937485.79,0.0,937485.79,-62514.21,0.0,24119.89
2025-03-12,656797.73,939513.45,0.0,939513.45,-60486.55,0.0,24166.71
2025-03-13,754444.0,943900.53,0.0,943900.53,-56099.47,0.0,24288.92
2025-03-14,850324.84,944680.69,0.0,944680.69,-55319.31,0.0,24408.92
2025-03-17,755853.73,945179.14,0.0,945179.14,-54820.86,0.0,24432.53
2025-03-18,661268.37,944657.7,0.0,944657.7,-55342.3,0.0,24597.16
2025-03-19,567704.62,946243.09,0.0,946243.09,-53756.91,0.0,24620.54
2025-03-20,661517.46,944691.3,0.0,944691.3,-55308.7,0.0,24879.52
2025-03-21,661517.46,941612.68,0.0,941612.68,-58387.32,0.0,24879.52
2025-03-24,751710.82,942112.27,0.0,942112.27,-57887.73,0.0,24992.4
2025-03-25,751710.82,944265.57,0.0,944265.57,-55734.43,0.0,24992.4
2025-03-26,850111.13,942992.09,0.0,942992.09,-57007.91,0.0,25255.64
2025-03-27,942466.94,942466.94,0.0,942466.94,-57533.06,0.0,25371.23
2025-03-28,942466.94,942466.94,0.0,942466.94,-57533.06,0.0,25371.23
2025-03-31,942466.94,942466.94,0.0,942466.94,-57533.06,0.0,25371.23
2025-04-01,942466.94,942466.94,0.0,942466.94,-57533.06,0.0,25371.23
2025-04-02,942466.94,942466.94,0.0,942466.94,-57533.06,0.0,25371.23
2025-04-03,942466.94,942466.94,0.0,942466.94,-57533.06,0.0,25371.23
2025-04-07,942466.94,942466.94,0.0,942466.94,-57533.06,0.0,25371.23
2025-04-08,942466.94,942466.94,0.0,942466.94,-57533.06,0.0,25371.23
2025-04-09,942466.94,942466.94,0.0,942466.94,-57533.06,0.0,25371.23
2025-04-10,942466.94,942466.94,0.0,942466.94,-57533.06,0.0,25371.23
2025-04-11,942466.94,942466.94,0.0,942466.94,-57533.06,0.0,25371.23
2025-04-14,942466.94,942466.94,0.0,942466.94,-57533.06,0.0,25371.23
2025-04-15,942466.94,942466.94,0.0,942466.94,-57533.06,0.0,25371.23
2025-04-16,942466.94,942466.94,0.0,942466.94,-57533.06,0.0,25371.23
2025-04-17,942466.94,942466.94,0.0,942466.94,-57533.06,0.0,25371.23
2025-04-18,942466.94,942466.94,0.0,942466.94,-57533.06,0.0,25371.23
2025-04-21,942466.94,942466.94,0.0,942466.94,-57533.06,0.0,25371.23
2025-04-22,942466.94,942466.94,0.0,942466.94,-57533.06,0.0,25371.23
2025-04-23,754571.29,941857.16,0.0,941857.16,-58142.84,0.0,25418.19
2025-04-24,844165.03,938722.12,0.0,938722.12,-61277.88,0.0,25530.33
2025-04-25,940335.67,940335.67,0.0,940335.67,-59664.33,0.0,25650.69
2025-04-28,940335.67,940335.67,0.0,940335.67,-59664.33,0.0,25650.69
2025-04-29,940335.67,940335.67,0.0,940335.67,-59664.33,0.0,25650.69
2025-04-30,940335.67,940335.67,0.0,940335.67,-59664.33,0.0,25650.69
2025-05-06,940335.67,940335.67,0.0,940335.67,-59664.33,0.0,25650.69
2025-05-07,847303.62,938955.22,0.0,938955.22,-61044.78,0.0,25673.94
2025-05-08,940288.84,940288.84,0.0,940288.84,-59711.16,0.0,25790.32
2025-05-09,940288.84,940288.84,0.0,940288.84,-59711.16,0.0,25790.32
2025-05-12,753739.73,939854.01,0.0,939854.01,-60145.99,0.0,25836.94
2025-05-13,753966.94,940369.18,0.0,940369.18,-59630.82,0.0,25978.01
2025-05-14,753966.94,939876.78,0.0,939876.78,-60123.22,0.0,25978.01
2025-05-15,847585.67,939554.09,0.0,939554.09,-60445.91,0.0,26095.18
2025-05-16,751907.92,938247.33,0.0,938247.33,-61752.67,0.0,26257.06
2025-05-19,845097.89,939349.03,0.0,939349.03,-60650.97,0.0,26373.69
2025-05-20,845097.89,939349.03,0.0,939349.03,-60650.97,0.0,26373.69
2025-05-21,845097.89,939645.41,0.0,939645.41,-60354.59,0.0,26373.69
2025-05-22,751546.5,938559.67,0.0,938559.67,-61440.33,0.0,26397.08
2025-05-23,751546.5,936468.52,0.0,936468.52,-63531.48,0.0,26397.08
2025-05-26,843919.69,936985.28,0.0,936985.28,-63014.72,0.0,26512.69
2025-05-27,936664.11,936664.11,0.0,936664.11,-63335.89,0.0,26628.76
2025-05-28,936664.11,936664.11,0.0,936664.11,-63335.89,0.0,26628.76
2025-05-29,843097.6,936762.89,0.0,936762.89,-63237.11,0.0,26652.15
2025-05-30,843097.6,937057.43,0.0,937057.43,-62942.57,0.0,26652.15
2025-06-03,842746.77,936575.74,0.0,936575.74,-63424.26,0.0,26792.04
2025-06-04,842746.77,936575.74,0.0,936575.74,-63424.26,0.0,26792.04
2025-06-05,936201.25,936201.25,0.0,936201.25,-63798.75,0.0,26909.01
2025-06-06,936201.25,936201.25,0.0,936201.25,-63798.75,0.0,26909.01
2025-06-09,936201.25,936201.25,0.0,936201.25,-63798.75,0.0,26909.01
2025-06-10,936201.25,936201.25,0.0,936201.25,-63798.75,0.0,26909.01
2025-06-11,749959.45,935866.51,0.0,935866.51,-64133.49,0.0,26955.56
2025-06-12,749148.37,934423.33,0.0,934423.33,-65576.67,0.0,27094.23
2025-06-13,841514.39,934549.03,0.0,934549.03,-65450.97,0.0,27350.11
2025-06-16,655253.05,934765.48,0.0,934765.48,-65234.52,0.0,27396.67
2025-06-17,655253.05,935762.91,0.0,935762.91,-64237.09,0.0,27396.67
2025-06-18,749062.15,936905.66,0.0,936905.66,-63094.34,0.0,27514.07
2025-06-19,936290.47,936290.47,0.0,936290.47,-63709.53,0.0,27748.4
2025-06-20,936290.47,936290.47,0.0,936290.47,-63709.53,0.0,27748.4
2025-06-23,936290.47,936290.47,0.0,936290.47,-63709.53,0.0,27748.4
2025-06-24,936290.47,936290.47,0.0,936290.47,-63709.53,0.0,27748.4
2025-06-25,936290.47,936290.47,0.0,936290.47,-63709.53,0.0,27748.4
2025-06-26,842936.06,936258.98,0.0,936258.98,-63741.02,0.0,27771.74
2025-06-27,842936.06,935953.0,0.0,935953.0,-64047.0,0.0,27771.74
2025-06-30,842936.06,935341.05,0.0,935341.05,-64658.95,0.0,27771.74
2025-07-01,749378.98,935929.62,0.0,935929.62,-64070.38,0.0,27795.12
2025-07-02,749378.98,936864.1,0.0,936864.1,-63135.9,0.0,27795.12
2025-07-03,562567.9,936349.21,0.0,936349.21,-63650.79,0.0,27841.81
2025-07-04,657112.51,938368.02,0.0,938368.02,-61631.98,0.0,27960.14
2025-07-07,657112.51,940748.18,0.0,940748.18,-59251.82,0.0,27960.14
2025-07-08,375605.76,941809.31,0.0,941809.31,-58190.69,0.0,28030.5
2025-07-09,564842.92,942792.62,0.0,942792.62,-57207.38,0.0,28267.34
2025-07-10,564842.92,946156.4,0.0,946156.4,-53843.6,0.0,28267.34
2025-07-11,564842.92,946531.8,0.0,946531.8,-53468.2,0.0,28267.34
2025-07-14,564842.92,951508.22,0.0,951508.22,-48491.78,0.0,28267.34
2025-07-15,472538.54,945765.38,0.0,945765.38,-54234.62,0.0,28575.54
2025-07-16,663003.9,945642.82,0.0,945642.82,-54357.18,0.0,28955.8
2025-07-17,474327.86,943926.58,0.0,943926.58,-56073.42,0.0,29002.95
2025-07-18,474327.86,946564.77,0.0,946564.77,-53435.23,0.0,29002.95
2025-07-21,565800.25,956506.24,0.0,956506.24,-43493.76,0.0,29117.44
2025-07-22,671949.62,963633.89,0.0,963633.89,-36366.11,0.0,29250.29
2025-07-23,479928.05,961164.99,0.0,961164.99,-38835.01,0.0,29298.28
2025-07-24,767891.58,962528.81,0.0,962528.81,-37471.19,0.0,29658.69
2025-07-25,672167.9,961528.3,0.0,961528.3,-38471.7,0.0,29682.61
2025-07-28,576681.93,958724.73,0.0,958724.73,-41275.27,0.0,29706.48
2025-07-29,579874.98,958341.48,0.0,958341.48,-41658.52,0.0,29853.3
2025-07-30,579874.98,957128.33,0.0,957128.33,-42871.67,0.0,29853.3
2025-07-31,579874.98,951108.87,0.0,951108.87,-48891.13,0.0,29853.3
2025-08-01,579874.98,951664.1,0.0,951664.1,-48335.9,0.0,29853.3
2025-08-04,484871.4,952557.35,0.0,952557.35,-47442.65,0.0,29877.05
2025-08-05,675435.99,954151.29,0.0,954151.29,-45848.71,0.0,30115.55
2025-08-06,675435.99,954407.06,0.0,954407.06,-45592.94,0.0,30115.55
2025-08-07,675435.99,953593.65,0.0,953593.65,-46406.35,0.0,30115.55
2025-08-08,675435.99,954328.1,0.0,954328.1,-45671.9,0.0,30115.55
2025-08-11,675435.99,952880.52,0.0,952880.52,-47119.48,0.0,30115.55
2025-08-12,675435.99,953133.87,0.0,953133.87,-46866.13,0.0,30115.55
2025-08-13,675435.99,953436.55,0.0,953436.55,-46563.45,0.0,30115.55
2025-08-14,675435.99,952544.19,0.0,952544.19,-47455.81,0.0,30115.55
2025-08-15,675435.99,953832.26,0.0,953832.26,-46167.74,0.0,30115.55
2025-08-18,486504.62,953864.19,0.0,953864.19,-46135.81,0.0,30162.77
2025-08-19,579739.87,949595.27,0.0,949595.27,-50404.73,0.0,30279.46
2025-08-20,579739.87,948317.17,0.0,948317.17,-51682.83,0.0,30279.46
2025-08-21,670211.2,949464.56,0.0,949464.56,-50535.44,0.0,30392.69
2025-08-22,387419.79,950702.11,0.0,950702.11,-49297.89,0.0,30606.89
2025-08-25,482893.17,953012.47,0.0,953012.47,-46987.53,0.0,30726.38
2025-08-26,477756.55,955463.86,0.0,955463.86,-44536.14,0.0,31005.4
2025-08-27,194065.52,943019.36,0.0,943019.36,-56980.64,0.0,31076.31
2025-08-28,381021.76,938448.62,0.0,938448.62,-61551.38,0.0,31310.29
2025-08-29,381021.76,937751.54,0.0,937751.54,-62248.46,0.0,31310.29
2025-09-01,474673.39,935020.57,0.0,935020.57,-64979.43,0.0,31427.51
2025-09-02,474673.39,935964.74,0.0,935964.74,-64035.26,0.0,31427.51
2025-09-03,474673.39,929093.98,0.0,929093.98,-70906.02,0.0,31427.51
2025-09-04,474673.39,933328.21,0.0,933328.21,-66671.79,0.0,31427.51
2025-09-05,567770.78,931211.5,0.0,931211.5,-68788.5,0.0,31544.02
2025-09-08,567770.78,931282.71,0.0,931282.71,-68717.29,0.0,31544.02
2025-09-09,567770.78,932386.85,0.0,932386.85,-67613.15,0.0,31544.02
2025-09-10,658882.94,932164.9,0.0,932164.9,-67835.1,0.0,31658.06
2025-09-11,658882.94,933085.31,0.0,933085.31,-66914.69,0.0,31658.06
2025-09-12,661979.46,930804.1,0.0,930804.1,-69195.9,0.0,31796.47
2025-09-15,661979.46,928522.67,0.0,928522.67,-71477.33,0.0,31796.47
2025-09-16,655655.48,925674.64,0.0,925674.64,-74325.36,0.0,31927.28
2025-09-17,655655.48,928266.85,0.0,928266.85,-71733.15,0.0,31927.28
2025-09-18,564444.43,920989.44,0.0,920989.44,-79010.56,0.0,32089.46
2025-09-19,738016.38,922528.19,0.0,922528.19,-77471.81,0.0,32306.69
2025-09-22,830499.95,922952.56,0.0,922952.56,-77047.44,0.0,32422.44
2025-09-23,830499.95,922579.26,0.0,922579.26,-77420.74,0.0,32422.44
2025-09-24,922630.2,922630.2,0.0,922630.2,-77369.8,0.0,32537.75
2025-09-25,922630.2,922630.2,0.0,922630.2,-77369.8,0.0,32537.75
2025-09-26,922630.2,922630.2,0.0,922630.2,-77369.8,0.0,32537.75
2025-09-29,831029.23,922334.35,0.0,922334.35,-77665.65,0.0,32560.64
2025-09-30,831029.23,921924.91,0.0,921924.91,-78075.09,0.0,32560.64
2025-10-09,831029.23,923016.75,0.0,923016.75,-76983.25,0.0,32560.64
2025-10-10,831029.23,924518.03,0.0,924518.03,-75481.97,0.0,32560.64
2025-10-13,555675.91,926170.56,0.0,926170.56,-73829.44,0.0,32629.47
2025-10-14,555675.91,928474.72,0.0,928474.72,-71525.28,0.0,32629.47
2025-10-15,463093.87,929926.74,0.0,929926.74,-70073.26,0.0,32652.61
2025-10-16,463093.87,932646.86,0.0,932646.86,-67353.14,0.0,32652.61
2025-10-17,556032.56,930430.83,0.0,930430.83,-69569.17,0.0,32768.92
2025-10-20,556032.56,930817.59,0.0,930817.59,-69182.41,0.0,32768.92
2025-10-21,931747.75,931747.75,0.0,931747.75,-68252.25,0.0,33239.16
2025-10-22,931747.75,931747.75,0.0,931747.75,-68252.25,0.0,33239.16
2025-10-23,838744.4,931568.66,0.0,931568.66,-68431.34,0.0,33262.4
2025-10-24,931141.32,931141.32,0.0,931141.32,-68858.68,0.0,33378.04
2025-10-27,931141.32,931141.32,0.0,931141.32,-68858.68,0.0,33378.04
2025-10-28,931141.32,931141.32,0.0,931141.32,-68858.68,0.0,33378.04
2025-10-29,931141.32,931141.32,0.0,931141.32,-68858.68,0.0,33378.04
2025-10-30,931141.32,931141.32,0.0,931141.32,-68858.68,0.0,33378.04
2025-10-31,745845.83,929951.98,0.0,929951.98,-70048.02,0.0,33424.35
2025-11-03,652828.98,931921.3,0.0,931921.3,-68078.7,0.0,33447.6
2025-11-04,746605.82,932882.34,0.0,932882.34,-67117.66,0.0,33564.97
2025-11-05,560493.33,932322.95,0.0,932322.95,-67677.05,0.0,33611.49
2025-11-06,467571.59,934627.82,0.0,934627.82,-65372.18,0.0,33634.71
2025-11-07,560199.22,934132.72,0.0,934132.72,-65867.28,0.0,33750.64
2025-11-10,560199.22,935937.82,0.0,935937.82,-64062.18,0.0,33750.64
2025-11-11,560199.22,935838.6,0.0,935838.6,-64161.4,0.0,33750.64
2025-11-12,560199.22,937435.5,0.0,937435.5,-62564.5,0.0,33750.64
2025-11-13,373000.81,935671.6,0.0,935671.6,-64328.4,0.0,33797.43
2025-11-14,279575.36,934450.0,0.0,934450.0,-65550.0,0.0,33820.78
2025-11-17,279575.36,929106.27,0.0,929106.27,-70893.73,0.0,33820.78
2025-11-18,372369.82,925133.74,0.0,925133.74,-74866.26,0.0,33936.92
2025-11-19,372369.82,925110.81,0.0,925110.81,-74889.19,0.0,33936.92
2025-11-20,742192.83,927243.46,0.0,927243.46,-72756.54,0.0,34399.77
2025-11-21,742192.83,922776.12,0.0,922776.12,-77223.88,0.0,34399.77
2025-11-24,742192.83,922846.81,0.0,922846.81,-77153.19,0.0,34399.77
2025-11-25,742192.83,923713.21,0.0,923713.21,-76286.79,0.0,34399.77
2025-11-26,742192.83,922198.52,0.0,922198.52,-77801.48,0.0,34399.77
2025-11-27,833339.55,922253.41,0.0,922253.41,-77746.59,0.0,34513.85
2025-11-28,922501.31,922501.31,0.0,922501.31,-77498.69,0.0,34625.44
2025-12-01,922501.31,922501.31,0.0,922501.31,-77498.69,0.0,34625.44
2025-12-02,831718.94,920416.78,0.0,920416.78,-79583.22,0.0,34648.13
2025-12-03,922384.5,922384.5,0.0,922384.5,-77615.5,0.0,34761.61
2025-12-04,922384.5,922384.5,0.0,922384.5,-77615.5,0.0,34761.61
2025-12-05,922384.5,922384.5,0.0,922384.5,-77615.5,0.0,34761.61
2025-12-08,922384.5,922384.5,0.0,922384.5,-77615.5,0.0,34761.61
2025-12-09,922384.5,922384.5,0.0,922384.5,-77615.5,0.0,34761.61
2025-12-10,831985.91,922053.81,0.0,922053.81,-77946.19,0.0,34784.2
2025-12-11,921144.32,921144.32,0.0,921144.32,-78855.68,0.0,34895.79
2025-12-12,921144.32,921144.32,0.0,921144.32,-78855.68,0.0,34895.79
2025-12-15,921144.32,921144.32,0.0,921144.32,-78855.68,0.0,34895.79
2025-12-16,921144.32,921144.32,0.0,921144.32,-78855.68,0.0,34895.79
2025-12-17,829518.72,921268.85,0.0,921268.85,-78731.15,0.0,34918.69
2025-12-18,921373.36,921373.36,0.0,921373.36,-78626.64,0.0,35033.65
2025-12-19,921373.36,921373.36,0.0,921373.36,-78626.64,0.0,35033.65
2025-12-22,921373.36,921373.36,0.0,921373.36,-78626.64,0.0,35033.65
2025-12-23,921373.36,921373.36,0.0,921373.36,-78626.64,0.0,35033.65
2025-12-24,921373.36,921373.36,0.0,921373.36,-78626.64,0.0,35033.65
2025-12-25,829214.65,920970.65,0.0,920970.65,-79029.35,0.0,35056.68
2025-12-26,920476.75,920476.75,0.0,920476.75,-79523.25,0.0,35170.9
2025-12-29,829221.3,919506.42,0.0,919506.42,-80493.58,0.0,35193.71
2025-12-30,829221.3,917882.1,0.0,917882.1,-82117.9,0.0,35193.71
2025-12-31,829221.3,917746.74,0.0,917746.74,-82253.26,0.0,35193.71
